rank,totalRankScore,totalPriceRankScore,nightlyRateScore,reviewRankScore,rareFindScore,acScore,wifiScore,guestFavoriteScore,superhostScore,id,title,dates,totalPrice,totalPriceRank,nightlyRateRank,reviewScore,reviewScoreString,reviewScoreRank,url,nightlyRateDisplay,nights,nightlyTotalDisplay,nightlyTotalDisplayPercent,cleaningFee,airbnbFee,feeTotal,feePercent,beds,Guest favorite,guest_favorite,Kitchen,Wifi,Dedicated workspace,Pets allowed,TV,Washer,Air conditioning,Hair dryer,Long term stays allowed,Exterior security cameras on property,Free parking on premises,Carbon monoxide alarm,Beach view,City skyline view,Free driveway parking on premises – 1 space,Shared outdoor pool - available all year, open specific hours, heated,TV with HBO Max, Netflix, premium cable, standard cable,Pool,Elevator,Smoke alarm,Free street parking,Free dryer – In unit,Shared pool,55 inch HDTV with Netflix,Hot tub,Free parking garage on premises,Shared outdoor pool - available all year, open specific hours, infinity, rooftop,55 inch HDTV with Netflix, premium cable,Free washer – In unit,Refrigerator,Microwave,TV with standard cable,Dryer,Private patio or balcony,Shared outdoor pool - available seasonally, open specific hours, infinity, lap pool, rooftop,Shared sauna,Gym,Shared hot tub - available all year, open specific hours,50 inch HDTV with standard cable,River view,Luggage dropoff allowed,HDTV with premium cable,AC - split type ductless system,Shared outdoor pool - available all year, open specific hours,HDTV,Fast wifi – 329 Mbps,Shared hot tub,45 inch HDTV with standard cable,Shared pool - available seasonally,40 inch HDTV with Netflix,Shared hot tub - open specific hours,TV with Netflix,55 inch HDTV with standard cable,Mabe refrigerator,Private backyard – Fully fenced,Fast wifi – 94 Mbps,43 inch HDTV with Amazon Prime Video, Apple TV, Disney+, HBO Max, Netflix, standard cable,Ocean view,Fast wifi – 285 Mbps,Free parking garage on premises – 1 space,55 inch HDTV with HBO Max, standard cable,50 inch HDTV with Netflix, standard cable,Shared outdoor pool - open specific hours,Shared indoor pool - available all year, open specific hours, rooftop,65 inch HDTV with Hulu, standard cable, Apple TV, Fire TV, Netflix, HBO Max, Amazon Prime Video, Disney+,Shared patio or balcony,Fast wifi – 287 Mbps,42 inch HDTV with Amazon Prime Video, Disney+, Netflix,Fast wifi – 314 Mbps,Superhost,Courtyard view,55 inch HDTV with Amazon Prime Video, Disney+, Fire TV, HBO Max, Netflix, Roku,Paid washer – In building,43 inch HDTV,Free driveway parking on premises,42 inch HDTV with Netflix,Private indoor pool - available all year, open specific hours, lap pool,Fast wifi – 210 Mbps,40 inch HDTV with standard cable,Shared indoor pool - available seasonally, open specific hours, rooftop,50 inch HDTV with HBO Max, Amazon Prime Video, Disney+, standard cable, Netflix,Window AC unit,Shared pool - ,Park view,Free carport on premises – 1 space,55 inch HDTV with Amazon Prime Video, Disney+, Netflix, standard cable,Garden view,Fast wifi – 60 Mbps,Shared outdoor pool - available all year, open specific hours, olympic-sized,Sauna,Shared indoor pool - available all year, open specific hours,50 inch HDTV with standard cable, Netflix, Amazon Prime Video, Fire TV,100 inch HDTV,Wifi – 8 Mbps,HDTV with Netflix, standard cable, Amazon Prime Video,50 inch HDTV with Amazon Prime Video, Disney+, HBO Max, Hulu, Netflix, Roku,Paid dryer – In building,Central air conditioning,Fast wifi – 92 Mbps,Free parking on premises – 1 space,55 inch HDTV with Disney+, Netflix, standard cable,Wifi – 46 Mbps,Shared indoor pool - available all year, open specific hours, lap pool, rooftop,42 inch HDTV with premium cable,55 inch HDTV with Netflix, standard cable,Patio or balcony,Backyard,Shared outdoor pool - available all year, open specific hours, rooftop,Lake view,Fast wifi – 129 Mbps,55 inch HDTV,Wifi – 37 Mbps,Harbor view,Outdoor pool - open specific hours, rooftop,HDTV with Netflix, standard cable
1,1360,680,0,680,0,0,0,0,0,971919797824518352,Apartment in Barranquilla,01/18/25 - 01/21/25,72,6,5,4.94,4.94 (51),6,https://www.airbnb.com/rooms/971919797824518352?check_in=2025-01-19&check_out=2025-01-22&guests=1&adults=1,21,3,62,0.8611111111111112,0,10,10,0.1388888888888889,,true,true,true,true,true,,true,,true,,,,,false,,,,,,,,false,,,,,,,,,,,true,,,,,,,,,,true,,,,,,,,,,,,,true,,,,,,,,,,,,,,,,,,,,,,,,,,,,,,,,,,,,,,,,,,,,,,,,,,,,,,,,,,,,,
2,1350,655,0,695,0,0,0,0,0,911758835305406314,Apartment in CO,01/18/25 - 01/21/25,96,11,8,4.97,4.97 (115),3,https://www.airbnb.com/rooms/911758835305406314?check_in=2025-01-19&check_out=2025-01-22&guests=1&adults=1,25,3,79,0.8229166666666666,6,13,19,0.19791666666666666,3 beds,true,true,true,true,true,,true,true,true,,,,,false,,,,,,,,false,,,,,,,,,,,,,true,,,,,,,,true,,,,,,,,,,,,,,,,,,,,,,,,,,,,,,,,,,,,,,,,,,,,,,,,,,,,,,,,,,,,,,,,,,,,,,,,,,
3,1345,660,0,685,0,0,0,0,0,20728671,Apartment in Riomar,01/18/25 - 01/21/25,94,10,10,4.95,4.95 (122),5,https://www.airbnb.com/rooms/20728671?check_in=2025-01-19&check_out=2025-01-22&guests=1&adults=1,27,3,101,1.074468085106383,0,13,13,0.13829787234042554,,true,,,,,,,,,,,,,,,,,,,,,,,,,,,,,,,,,,,,,,,,,,,,,,,,,,,,,,,,,,,,,,,,,,,,,,,,,,,,,,,,,,,,,,,,,,,,,,,,,,,,,,,,,,,,,,,,,,,,
4,1335,630,0,705,0,0,0,0,0,1261915700091104055,Guest suite in Barranquilla,01/18/25 - 01/21/25,107,16,11,5,5.0 (12),1,https://www.airbnb.com/rooms/1261915700091104055?check_in=2025-01-19&check_out=2025-01-22&guests=1&adults=1,28,3,83,0.7757009345794392,9,15,24,0.22429906542056074,,true,,,,,,,,,,,,,,,,,,,,,,,,,,,,,,,,,,,,,,,,,,,,,,,,,,,,,,,,,,,,,,,,,,,,,,,,,,,,,,,,,,,,,,,,,,,,,,,,,,,,,,,,,,,,,,,,,,,,
5,1335,630,0,705,0,0,0,0,0,1256831158926492800,Guest suite in Barranquilla,01/18/25 - 01/21/25,107,16,11,5,5.0 (10),1,https://www.airbnb.com/rooms/1256831158926492800?check_in=2025-01-19&check_out=2025-01-22&guests=1&adults=1,28,3,83,0.7757009345794392,9,15,24,0.22429906542056074,,true,,,,,,,,,,,,,,,,,,,,,,,,,,,,,,,,,,,,,,,,,,,,,,,,,,,,,,,,,,,,,,,,,,,,,,,,,,,,,,,,,,,,,,,,,,,,,,,,,,,,,,,,,,,,,,,,,,,,
6,1330,625,0,705,0,0,0,0,0,1275463039480906841,Guest suite in Barranquilla,01/18/25 - 01/21/25,111,17,12,5,5.0 (5),1,https://www.airbnb.com/rooms/1275463039480906841?check_in=2025-01-19&check_out=2025-01-22&guests=1&adults=1,29,3,86,0.7747747747747747,9,16,25,0.22522522522522523,,true,true,true,true,true,true,true,true,true,true,true,true,,,,,,,,,,,,,,,,,,,,,,,,,,,,,,,,,,,,,,,,,,,,,,,,,,,,,,,,,,,,,,,,,,,,,,,,,,,,,,,,,,,,,,,,,,,,,,,,,,,,,,,,,
7,1330,650,0,680,0,0,0,0,0,552796139633976225,Condo in Riomar,01/18/25 - 01/21/25,97,12,11,4.94,4.94 (47),6,https://www.airbnb.com/rooms/552796139633976225?check_in=2025-01-19&check_out=2025-01-22&guests=1&adults=1,28,3,104,1.0721649484536082,0,14,14,0.14432989690721648,,true,true,true,true,true,,true,,,,,,true,false,,,,,,,,,,,,,,,,,,,,,,true,,,,,,,true,,true,,,,,,,,,,,,true,,,,,,,,,,,,,,,,,,,,,,,,,,,,,,,,,,,,,,,,,,,,,,,,,,,,,,,,,,,,
8,1325,635,0,690,0,0,0,0,0,692586450249869668,Loft in Barranquilla,01/18/25 - 01/21/25,106,15,11,4.96,4.96 (73),4,https://www.airbnb.com/rooms/692586450249869668?check_in=2025-01-19&check_out=2025-01-22&guests=1&adults=1,28,3,83,0.7830188679245284,8,15,23,0.2169811320754717,1 bed,true,true,true,true,true,,,,,,,,,false,,,,,,,,false,true,,,,,,,,true,,,,,,,,,,,,true,true,true,,,,,,,,,,,,,,,,,,,,,,,,,,,,,,,,,,,,,,,,,,,,,,,,,,,,,,,,,,,,,,,,,,,,,,,,
9,1305,675,0,630,0,0,0,0,0,12781507,Loft in Miramar,01/18/25 - 01/21/25,76,7,6,4.84,4.84 (196),16,https://www.airbnb.com/rooms/12781507?check_in=2025-01-19&check_out=2025-01-22&guests=1&adults=1,22,3,65,0.8552631578947368,0,11,11,0.14473684210526316,,,,true,true,true,,,,true,,,,true,false,,,,,,,,false,,,,,,,,,,true,,true,,,,,,,,,true,,,,,,,,,,,,,,,,,,,,,,,,,,,,,,,,,,,,,,,,,,,,,,,,,,,,,,,,,,,,,,,,,,,,,,,,,,
10,1305,690,0,615,0,0,0,0,0,46258142,Apartment in Barranquilla,01/18/25 - 01/21/25,69,4,4,4.81,4.81 (198),19,https://www.airbnb.com/rooms/46258142?check_in=2025-01-19&check_out=2025-01-22&guests=1&adults=1,20,3,59,0.855072463768116,0,10,10,0.14492753623188406,,,,true,true,,,true,,true,,,,,false,,,,,,,,false,true,,,,,,,,,,,,,,,,,,,,true,,,,,,,,,,,,,,,,,,,,,,,,,,,,,true,,,,,,,,,,,,,,,,,,,,,,,,,,,,,,,,,,,,,,,,,,,,,
11,1300,680,0,620,0,0,0,0,0,50526108,Apartment in Barranquilla,01/18/25 - 01/21/25,72,6,5,4.82,4.82 (68),18,https://www.airbnb.com/rooms/50526108?check_in=2025-01-19&check_out=2025-01-22&guests=1&adults=1,21,3,62,0.8611111111111112,0,10,10,0.1388888888888889,,true,,,,,,,,,,,,,,,,,,,,,,,,,,,,,,,,,,,,,,,,,,,,,,,,,,,,,,,,,,,,,,,,,,,,,,,,,,,,,,,,,,,,,,,,,,,,,,,,,,,,,,,,,,,,,,,,,,,,
12,1290,655,0,635,0,0,0,0,0,552746176400839347,Condo in Barranquilla,01/18/25 - 01/21/25,96,11,10,4.85,4.85 (34),15,https://www.airbnb.com/rooms/552746176400839347?check_in=2025-01-19&check_out=2025-01-22&guests=1&adults=1,27,3,103,1.0729166666666667,0,14,14,0.14583333333333334,,,,true,true,true,,true,,,,,,true,false,,,,,,,,,,,,,,,,,true,,,,,true,,,,,,,,,true,,,,,,,,,,,,true,,,,,,,,,,,,,,,true,,,,,,,,,,,,,,,,,,,,,,,,,,,,,,,,,,,,,,,,,,,,,
13,1285,595,0,690,0,0,0,0,0,1029182027508865414,Apartment in Barranquilla,01/18/25 - 01/21/25,123,23,15,4.96,4.96 (113),4,https://www.airbnb.com/rooms/1029182027508865414?check_in=2025-01-19&check_out=2025-01-22&guests=1&adults=1,32,3,97,0.7886178861788617,9,17,26,0.21138211382113822,,true,true,true,true,true,true,,,,,,true,true,false,,true,,,,,,,,,,,,,,,,,,,,,,,,,,,,,,true,true,,,,,,,,,,,,,,,,,,,,,,,,,,,,,,,,,,,,,,,,,,,,,,,,,,,,,,,,,,,,,,,,,,,,,,
14,1285,615,0,670,0,0,0,0,0,973097587776458691,Apartment in Riomar,01/18/25 - 01/21/25,114,19,11,4.92,4.92 (76),8,https://www.airbnb.com/rooms/973097587776458691?check_in=2025-01-19&check_out=2025-01-22&guests=1&adults=1,28,3,83,0.7280701754385965,15,16,31,0.2719298245614035,1 bed,true,,,,,,,,,,,,,,,,,,,,,,,,,,,,,,,,,,,,,,,,,,,,,,,,,,,,,,,,,,,,,,,,,,,,,,,,,,,,,,,,,,,,,,,,,,,,,,,,,,,,,,,,,,,,,,,,,,,,
15,1280,640,0,640,0,0,0,0,0,37124722,Apartment in Barranquilla,01/18/25 - 01/21/25,105,14,13,4.86,4.86 (74),14,https://www.airbnb.com/rooms/37124722?check_in=2025-01-19&check_out=2025-01-22&guests=1&adults=1,30,3,90,0.8571428571428571,0,15,15,0.14285714285714285,,true,true,true,true,true,,true,,true,,,true,true,false,,,,,,,,false,,,,,,,,,,,,,,true,,,,,,,,,,,,,,,,,,,,,,,,,,,,,,,,,,,,,,,,,,,,,,,,,,,,,,,,,,,,,,,,,,,,,,,,,,,,,,,,,
16,1280,700,0,580,0,0,0,0,0,34652460,Guesthouse in Colombia,01/18/25 - 01/21/25,58,2,2,4.74,4.74 (105),26,https://www.airbnb.com/rooms/34652460?check_in=2025-01-19&check_out=2025-01-22&guests=1&adults=1,17,3,51,0.8793103448275862,0,7,7,0.1206896551724138,,,,true,true,,,true,,true,,,,,false,,,,,,,,false,,,,,,,,,,true,,,,,,,,,,,,,,,,,,,,,,,,,,,,,,,,,,,,,,,,,,,,,,,,,,,,,,,,,,,,,,,,,,,,,,,,,,,,true,true,,,,,,,,
17,1270,585,0,685,0,0,0,0,0,21161944,Apartment in Riomar,01/18/25 - 01/21/25,126,25,18,4.95,4.95 (117),5,https://www.airbnb.com/rooms/21161944?check_in=2025-01-19&check_out=2025-01-22&guests=1&adults=1,36,3,108,0.8571428571428571,0,18,18,0.14285714285714285,,true,true,true,true,true,,,,,true,,,,,,,,,,,,,true,,,,,,,,true,,,,,true,,,,,,,true,,true,,,,,true,,,,,,,,,,,,,,,,,,,,,,,,,,,,,,,,,,,,,,,,,,,,,,,,,,,,,,,,,,,,,,,,,,,
18,1270,620,0,650,0,0,0,0,0,1254501100041277787,Apartment in Barranquilla,01/18/25 - 01/21/25,113,18,15,4.88,4.88 (16),12,https://www.airbnb.com/rooms/1254501100041277787?check_in=2025-01-19&check_out=2025-01-22&guests=1&adults=1,32,3,97,0.8584070796460177,0,16,16,0.1415929203539823,,,,true,true,,true,true,true,,,,true,,false,,,,,,,true,false,,,,,,,,,,,,,,,,,,,,,,,,true,,,,,,,,,,,,,,,,,,,,,,,,,,,,,,,,,,,,,,,,,,,,,,,,,,,,,,,,,,,,,,,,,,,,,,,
19,1265,685,0,580,0,0,0,0,0,40776488,Loft in Barranquilla,01/18/25 - 01/21/25,71,5,4,4.74,4.74 (39),26,https://www.airbnb.com/rooms/40776488?check_in=2025-01-19&check_out=2025-01-22&guests=1&adults=1,20,3,61,0.8591549295774648,0,10,10,0.14084507042253522,,,,true,true,true,,,,true,,,,true,false,,,,,,,,false,,,,,,,,,,true,,true,,,,,,,,,true,,,,,,,,,,,,,,,,,,,,,,,,,,,,,,,,,,,,,,,,,,,,,,,,,,,,,,,,,,,,,,,,,,,,,,,,,,
20,1265,695,0,570,0,0,0,0,0,34651489,Guest suite in Barranquilla,01/18/25 - 01/21/25,62,3,3,4.72,4.72 (211),28,https://www.airbnb.com/rooms/34651489?check_in=2025-01-19&check_out=2025-01-22&guests=1&adults=1,18,3,54,0.8709677419354839,0,8,8,0.12903225806451613,,,,,true,,,true,,true,,true,,,false,,,,,,,,false,,,,,,,,,,,,,,,,,,,,,true,,,,,,,,,,,,,,,,,,,,,,,,,,,,,,,,,,,,,,,,,,,,,,,,,,,,,,,,,,,,,,,,,,true,,,,,,,,
21,1255,600,0,655,0,0,0,0,0,1157429385583931687,Apartment in Barranquilla,01/18/25 - 01/21/25,120,22,16,4.89,4.89 (79),11,https://www.airbnb.com/rooms/1157429385583931687?check_in=2025-01-19&check_out=2025-01-22&guests=1&adults=1,34,3,103,0.8583333333333333,0,17,17,0.14166666666666666,,true,true,true,true,,,true,true,true,,,true,true,false,,,,,,true,,false,,,,,,,,,,,,,,,,,,,,,,,,,,,,,,,,,,,,,,,,,,,,,,,,,,,,,,,,,,,,,,,,,,,,,,,,,,,,,,,,,,,,,,,,,,,,,,,
22,1255,605,0,650,0,0,0,0,0,850561484161138139,Loft in Colombia,01/18/25 - 01/21/25,119,21,13,4.88,4.88 (43),12,https://www.airbnb.com/rooms/850561484161138139?check_in=2025-01-19&check_out=2025-01-22&guests=1&adults=1,30,3,91,0.7647058823529411,11,17,28,0.23529411764705882,,true,,,,,,,,,,,,,,,,,,,,,,,,,,,,,,,,,,,,,,,,,,,,,,,,,,,,,,,,,,,,,,,,,,,,,,,,,,,,,,,,,,,,,,,,,,,,,,,,,,,,,,,,,,,,,,,,,,,,
23,1255,705,0,550,0,0,0,0,0,52922859,Apartment in Barranquilla,01/18/25 - 01/21/25,56,1,1,4.63,4.63 (40),32,https://www.airbnb.com/rooms/52922859?check_in=2025-01-19&check_out=2025-01-22&guests=1&adults=1,16,3,48,0.8571428571428571,0,8,8,0.14285714285714285,,,,true,true,true,true,,,,,,true,,false,,true,,,,,,false,true,,,,,,,,,,,,,,,,,,,,,,,,,,,,,,,,,,,,,,,,,,,,,,,,,,,,,,,,,,,,,,,,,,,,,,,,,,,,,,,,,,,,,,,,,,,,true,,
24,1250,545,0,705,0,0,0,0,0,1291366461896940913,Apartment in Altos del Prado,01/18/25 - 01/21/25,139,33,16,5,5.0 (5),1,https://www.airbnb.com/rooms/1291366461896940913?check_in=2025-01-19&check_out=2025-01-22&guests=1&adults=1,34,3,103,0.7410071942446043,16,20,36,0.2589928057553957,,,,true,true,true,,true,true,true,,,,true,false,,,,,,,,,,,,,,,,,,,,,,,,,,,,,,,,,,,,,,,,,,,,,,,,,,,,,,,,,,,,,,,,,,,,,,,,,,,,,,,,,,,,,,,,,,,,,,,,,,,,,,,
25,1245,540,0,705,0,0,0,0,0,1032025493445055958,Apartment in Barranquilla,01/18/25 - 01/21/25,141,34,22,5,5.0 (5),1,https://www.airbnb.com/rooms/1032025493445055958?check_in=2025-01-19&check_out=2025-01-22&guests=1&adults=1,40,3,121,0.8581560283687943,0,20,20,0.14184397163120568,,true,true,true,true,true,true,,,,,,true,,,true,true,true,true,true,,,,,,,,,,,,,,,,,,,,,,,,,,,,,,,,,,,,,,,,,,,,,,,,,,,,,,,,,,,,,,,,,,,,,,,,,,,,,,,,,,,,,,,,,,,,,,,,,,
26,1245,600,0,645,0,0,0,0,0,653493719653425692,Apartment in Barranquilla,01/18/25 - 01/21/25,120,22,16,4.87,4.87 (86),13,https://www.airbnb.com/rooms/653493719653425692?check_in=2025-01-19&check_out=2025-01-22&guests=1&adults=1,34,3,103,0.8583333333333333,0,17,17,0.14166666666666666,,true,true,true,true,,true,,,,,,,,false,,,,,,,,false,,,,,,,,,true,,,,,true,,,,,,,,,true,,,,,,,,,,,,,,,,,,,,,,,,,,,,,,,,true,true,,,,,,,,,,,,,,,,,,,,,,,,,,,,,,,,,,,,,,,
27,1245,625,0,620,0,0,0,0,0,1165313440468568332,Condo in Barranquilla,01/18/25 - 01/21/25,111,17,11,4.82,4.82 (22),18,https://www.airbnb.com/rooms/1165313440468568332?check_in=2025-01-19&check_out=2025-01-22&guests=1&adults=1,28,3,84,0.7567567567567568,11,16,27,0.24324324324324326,1 double bed,,,true,true,true,,,,,,,,,false,,,,,,,true,false,,,,,,,,,true,,,,,,,,,,,,,,true,true,,,,,,,,,,,,,,,,,,,,,,,,,,true,,,,,,,,,,,,,,,,,,,,,,,true,,,,,,,,,,,,,,,,,,,,,,
28,1245,630,0,615,0,0,0,0,0,15469286,Apartment in Altos del Prado,01/18/25 - 01/21/25,107,16,10,4.81,4.81 (153),19,https://www.airbnb.com/rooms/15469286?check_in=2025-01-19&check_out=2025-01-22&guests=1&adults=1,27,3,82,0.7663551401869159,12,13,25,0.2336448598130841,,,,,,,,,,,,,,,,,,,,,,,,,,,,,,,,,,,,,,,,,,,,,,,,,,,,,,,,,,,,,,,,,,,,,,,,,,,,,,,,,,,,,,,,,,,,,,,,,,,,,,,,,,,,,,,,,,,,,,
29,1235,565,0,670,0,0,0,0,0,50170595,Apartment in Riomar,01/18/25 - 01/21/25,131,29,19,4.92,4.92 (12),8,https://www.airbnb.com/rooms/50170595?check_in=2025-01-19&check_out=2025-01-22&guests=1&adults=1,37,3,111,0.8473282442748091,20,0,20,0.15267175572519084,,true,true,true,true,true,,true,,true,,,,true,false,,,,,,,true,false,,,,,,,,,true,,,,,,,,,,,,,,,,,,,,,,,,,,,,,,,,,,,,,,,,,,,,,,,,,,,,,,,,,,,,,,,,,,,,,,,,,,,,,,,,,,,,,,
30,1230,525,0,705,0,0,0,0,0,1081920530704276574,Apartment in Riomar,01/18/25 - 01/21/25,144,37,20,5,5.0 (21),1,https://www.airbnb.com/rooms/1081920530704276574?check_in=2025-01-19&check_out=2025-01-22&guests=1&adults=1,38,3,114,0.7916666666666666,10,20,30,0.20833333333333334,,true,true,true,true,true,,true,true,,,,,true,false,,,,,,true,true,false,,,,,,,,,,,,,,,,,,,,,,,,,,,,,,,,,,,,,,,,,,,,,,,,,,,,,,,,,,,,,,,,,,,,,,,,,,,,,,,,,,,,,,,,,,,,,,,
31,1230,590,0,640,0,0,0,0,0,1177014177756496095,Apartment in Altos del Prado,01/18/25 - 01/21/25,124,24,16,4.86,4.86 (14),14,https://www.airbnb.com/rooms/1177014177756496095?check_in=2025-01-19&check_out=2025-01-22&guests=1&adults=1,34,3,103,0.8306451612903226,21,0,21,0.1693548387096774,,true,true,true,true,,,true,,true,,,,true,false,,,,,,,true,false,,,,,,,,,,true,true,,,,,,,,,,,,,,,,,,,,,,,,,,,,,,,,,,,,,,,,,,,,,,,,,,,,,,,,,,,,,,,,,,,,,,,,,,,,,,,,,,,,
32,1220,600,0,620,0,0,0,0,0,822640172679490530,Apartment in Barranquilla,01/18/25 - 01/21/25,120,22,16,4.82,4.82 (44),18,https://www.airbnb.com/rooms/822640172679490530?check_in=2025-01-19&check_out=2025-01-22&guests=1&adults=1,34,3,103,0.8583333333333333,0,17,17,0.14166666666666666,,true,,,,,,,,,,,,,,,,,,,,,,,,,,,,,,,,,,,,,,,,,,,,,,,,,,,,,,,,,,,,,,,,,,,,,,,,,,,,,,,,,,,,,,,,,,,,,,,,,,,,,,,,,,,,,,,,,,,,
33,1220,610,0,610,0,0,0,0,0,1052285631609412202,Apartment in Barranquilla,01/18/25 - 01/21/25,116,20,14,4.8,4.8 (44),20,https://www.airbnb.com/rooms/1052285631609412202?check_in=2025-01-19&check_out=2025-01-22&guests=1&adults=1,31,3,93,0.8017241379310345,7,16,23,0.19827586206896552,3 beds,true,true,true,true,true,,true,true,true,,,,,false,,,,,,,,false,,,,,,,,,,,,,,,,,,,,,,,,,,,,,,,,,,,,,,,,,,,,,,,,,,,,,,,,,,,,,,,,,,,,,,,,,,,,,,,,,,,,,,,,,,,,,,,
34,1215,670,0,545,0,0,0,0,0,53941928,Condo in Barranquilla,01/18/25 - 01/21/25,91,8,9,4.58,4.58 (83),33,https://www.airbnb.com/rooms/53941928?check_in=2025-01-19&check_out=2025-01-22&guests=1&adults=1,26,3,78,0.8571428571428571,0,13,13,0.14285714285714285,3 beds,,,true,true,,,true,true,true,,,,true,,,,,,,,true,,,,,,,,,,,true,,,,true,,,,,,,,,,,,,,,,,,,,,,,,,,,,,,,,,,,,,,,,,,,,,,,,,,,,,,,,,,,,,,,,,,,,,,,,,,,,,,,,true,
35,1210,505,0,705,0,0,0,0,0,554101409318576438,Condo in Riomar,01/18/25 - 01/21/25,149,41,19,5,5.0 (42),1,https://www.airbnb.com/rooms/554101409318576438?check_in=2025-01-19&check_out=2025-01-22&guests=1&adults=1,37,3,110,0.738255033557047,18,21,39,0.26174496644295303,,true,true,true,true,true,true,true,true,,,,true,,false,,,,,,,,,true,true,,,,,,,,,,,,,,,,,,,,,,,,,,,,,,,,,,,,,,,,,,,,,,,,,,,,,,,,,,,,,,,,,,,,,,,,,,,,,,,,,,,,,,,,,,,,,
36,1210,505,0,705,0,0,0,0,0,893409609594754967,Apartment in Miramar,01/18/25 - 01/21/25,149,41,20,5,5.0 (10),1,https://www.airbnb.com/rooms/893409609594754967?check_in=2025-01-19&check_out=2025-01-22&guests=1&adults=1,38,3,114,0.7651006711409396,14,21,35,0.2348993288590604,,true,true,true,true,,true,,true,true,,,,true,false,,,,,,,,,,true,true,true,,,,,,,,,,,,,,,,,,,,,,,,,,,,,,,,,,,,,,,,,,,,,,,,,,,,,,,,,,,,,,,,,,,,,,,,,,,,,,,,,,,,,,,,,,,
37,1210,560,0,650,0,0,0,0,0,54225202,Apartment in Riomar,01/18/25 - 01/21/25,134,30,19,4.88,4.88 (65),12,https://www.airbnb.com/rooms/54225202?check_in=2025-01-19&check_out=2025-01-22&guests=1&adults=1,37,3,110,0.8208955223880597,5,19,24,0.1791044776119403,,true,true,true,true,,true,true,true,true,,,,true,false,,,,,,true,,false,,,,,,,,,,,,,,,,,,,,,,,,,,,,,,,,,,,,,,,,,,,,,,,,,,,,,,,,,,,,,,,,,,,,,,,,,,,,,,,,,,,,,,,,,,,,,,,
38,1205,500,0,705,0,0,0,0,0,1211903899812764032,Apartment in Barranquilla,01/18/25 - 01/21/25,150,42,21,5,5.0 (9),1,https://www.airbnb.com/rooms/1211903899812764032?check_in=2025-01-19&check_out=2025-01-22&guests=1&adults=1,39,3,118,0.7866666666666666,11,21,32,0.21333333333333335,4 beds,true,,,,,,,,,,,,,,,,,,,,,,,,,,,,,,,,,,,,,,,,,,,,,,,,,,,,,,,,,,,,,,,,,,,,,,,,,,,,,,,,,,,,,,,,,,,,,,,,,,,,,,,,,,,,,,,,,,,,
39,1205,550,0,655,0,0,0,0,0,1062183245572121771,Loft in Riomar,01/18/25 - 01/21/25,136,32,17,4.89,4.89 (38),11,https://www.airbnb.com/rooms/1062183245572121771?check_in=2025-01-19&check_out=2025-01-22&guests=1&adults=1,35,3,105,0.7720588235294118,14,17,31,0.22794117647058823,,true,true,true,true,true,true,true,true,,,,,true,false,,,,,,,,false,,,,,,,,,,,,,true,,,,,,,,,,,,,,,,,,,,,,,,,,,,,,,,,,,,,,,,,,,,,,,,,,,,,,,,,,,,,,,,,,,,,,,,,,,,,,,,,,
40,1200,495,0,705,0,0,0,0,0,1258829895317907004,Apartment in Altos del Prado,01/18/25 - 01/21/25,151,43,20,5,5.0 (5),1,https://www.airbnb.com/rooms/1258829895317907004?check_in=2025-01-19&check_out=2025-01-22&guests=1&adults=1,38,3,114,0.7549668874172185,18,19,37,0.24503311258278146,3 beds,,,true,true,true,true,true,true,,,,,true,false,,,,,,,true,false,,,,,,,,,,,,,,,,,,,,,,,,,,,,,,,,,,,,,,,,,,,,,,,,,,,,,,,,,,,,,,,,,,,,,,,,,,,,,,,,,,,,,,,,,,,,,,,
41,1200,560,0,640,0,0,0,0,0,36308198,Loft in Barranquilla,01/18/25 - 01/21/25,134,30,20,4.86,4.86 (29),14,https://www.airbnb.com/rooms/36308198?check_in=2025-01-19&check_out=2025-01-22&guests=1&adults=1,38,3,137,1.0223880597014925,0,19,19,0.1417910447761194,,,,true,true,true,true,true,true,,,,,true,,,,,,,true,true,,,,,,,,,,,,,,true,,,,,,,,,,,,,,,,,,,,,,,,,,,,,,,,,,,,,true,,,,,,,,,,,,,,,,,,,,,,,,,,,,,,,,,,,,,,,,,,,,,
42,1195,665,0,530,0,0,0,0,0,1283674376702408231,Apartment in El Prado,01/18/25 - 01/21/25,92,9,7,4.22,4.22 (9),36,https://www.airbnb.com/rooms/1283674376702408231?check_in=2025-01-19&check_out=2025-01-22&guests=1&adults=1,23,3,70,0.7608695652173914,9,13,22,0.2391304347826087,,,,true,true,true,true,true,true,true,,,,true,false,,,,,,,,false,,,,,,,,,,,,,,,,,,,,,,,,,,,,,,,,,,,,,,,,,,,,,,,,,,,,,,,,,,,,,,,,,,,,,,,,,,,,,,,,,,,,,,,,,,,,,,,
43,1185,505,0,680,0,0,0,0,0,912885214731825304,Apartment in Riomar,01/18/25 - 01/21/25,149,41,21,4.94,4.94 (35),6,https://www.airbnb.com/rooms/912885214731825304?check_in=2025-01-19&check_out=2025-01-22&guests=1&adults=1,39,3,117,0.785234899328859,11,21,32,0.21476510067114093,,true,,,,,,,,,,,,,,,,,,,,,,,,,,,,,,,,,,,,,,,,,,,,,,,,,,,,,,,,,,,,,,,,,,,,,,,,,,,,,,,,,,,,,,,,,,,,,,,,,,,,,,,,,,,,,,,,,,,,
44,1185,510,0,675,0,0,0,0,0,1197992159311935522,Apartment in Barranquilla,01/18/25 - 01/21/25,148,40,24,4.93,4.93 (14),7,https://www.airbnb.com/rooms/1197992159311935522?check_in=2025-01-19&check_out=2025-01-22&guests=1&adults=1,42,3,127,0.8581081081081081,0,21,21,0.14189189189189189,,true,,,,,,,,,,,,,,,,,,,,,,,,,,,,,,,,,,,,,,,,,,,,,,,,,,,,,,,,,,,,,,,,,,,,,,,,,,,,,,,,,,,,,,,,,,,,,,,,,,,,,,,,,,,,,,,,,,,,
45,1185,645,0,540,0,0,0,0,0,736247522598506518,Apartment in Barranquilla,01/18/25 - 01/21/25,98,13,8,4.44,4.44 (41),34,https://www.airbnb.com/rooms/736247522598506518?check_in=2025-01-19&check_out=2025-01-22&guests=1&adults=1,25,3,75,0.7653061224489796,9,14,23,0.23469387755102042,1 double bed,,,true,true,,,,true,true,,,,true,,,true,,,,,true,,,,,,,,,,,,,,,true,,,,,,,true,,,,,,,,,,,,,,,,,,,,,,,,,,,,,,,,,,,,,,,,,,,,,,,,,,,,,,,,,,,,,,,,,,,,,,,,,,true
46,1175,490,0,685,0,0,0,0,0,589071376752225337,Apartment in Riomar,01/18/25 - 01/21/25,152,44,18,4.95,4.95 (20),5,https://www.airbnb.com/rooms/589071376752225337?check_in=2025-01-19&check_out=2025-01-22&guests=1&adults=1,36,3,108,0.7105263157894737,25,19,44,0.2894736842105263,2 beds,true,true,true,true,true,,,,,,,,true,false,,true,,,,,true,,,,,,,,,,,,,,,,,true,,,,,,,,,,,,,true,true,,,,,,,,,,,,,,,,,,,,,,,,,,,,,,,,,,,,,,,,,,,,,,,,,,,,,,,,,,,,,,,,,
47,1175,495,0,680,0,0,0,0,0,598403142839579900,Apartment in Barranquilla,01/18/25 - 01/21/25,151,43,20,4.94,4.94 (124),6,https://www.airbnb.com/rooms/598403142839579900?check_in=2025-01-19&check_out=2025-01-22&guests=1&adults=1,38,3,114,0.7549668874172185,16,21,37,0.24503311258278146,2 double beds,true,true,true,,true,,,,,,,true,,false,,true,,,,,true,false,true,,,,,,,,,,,,,,,,,,,,,,,,,,,,,,,,,,,true,true,,,,,,,,,,,,,,,,,,,,,,,,,,,,,,,,,,,,,,,,,,,,,,,,,,,,,,,,,,
48,1175,560,0,615,0,0,0,0,0,658938851757794784,Apartment in Riomar,01/18/25 - 01/21/25,134,30,22,4.81,4.81 (297),19,https://www.airbnb.com/rooms/658938851757794784?check_in=2025-01-19&check_out=2025-01-22&guests=1&adults=1,40,3,148,1.1044776119402986,13,0,13,0.09701492537313433,,,,true,true,true,,true,,,,,,true,false,,,,,,,true,false,,,,,,,,,true,,,,,,,,,,,,,,,,,,true,,,,,,,,,,,,,,,,,,,,,,,,,,,,,,,,,,,,,,,,,,,,,,,,,,,,,,,,,,,,,,,,,,,,
49,1170,505,0,665,0,0,0,0,0,735437251538856189,Vacation home in Altos del Prado,01/18/25 - 01/21/25,149,41,21,4.91,4.91 (56),9,https://www.airbnb.com/rooms/735437251538856189?check_in=2025-01-19&check_out=2025-01-22&guests=1&adults=1,39,3,117,0.785234899328859,11,21,32,0.21476510067114093,,true,,,,,,,,,,,,,,,,,,,,,,,,,,,,,,,,,,,,,,,,,,,,,,,,,,,,,,,,,,,,,,,,,,,,,,,,,,,,,,,,,,,,,,,,,,,,,,,,,,,,,,,,,,,,,,,,,,,,
50,1170,515,0,655,0,0,0,0,0,736951360249798642,Loft in Barranquilla,01/18/25 - 01/21/25,147,39,19,4.89,4.89 (91),11,https://www.airbnb.com/rooms/736951360249798642?check_in=2025-01-19&check_out=2025-01-22&guests=1&adults=1,37,3,110,0.7482993197278912,16,21,37,0.25170068027210885,2 double beds,true,true,true,,true,,,,,,,true,,false,,true,,,,,true,false,true,,,,,,,,,,,,,,,,,,,,,,,,,,,,,,,,,,,true,true,,,,,,,,,,,,,,,,,,,,,,,,,,,,,,,,,,,,,,,,,,,,,,,,,,,,,,,,,,
51,1170,525,0,645,0,0,0,0,0,924039262561366304,Apartment in Barranquilla,01/18/25 - 01/21/25,144,37,20,4.87,4.87 (55),13,https://www.airbnb.com/rooms/924039262561366304?check_in=2025-01-19&check_out=2025-01-22&guests=1&adults=1,38,3,114,0.7916666666666666,10,20,30,0.20833333333333334,2 beds,true,true,true,true,true,,true,,,,,,true,false,,true,,,,,true,false,,,,,,,,,,,,,,,,,,,,,,,,,,,,,,,,,,,,,,,,,,,,,,,,,,,,,,,,,true,,,,,,,,,,,,,,,,,,,,,,,,,,,,,,,,,,,,,,
52,1170,575,0,595,0,0,0,0,0,948448092861830161,Apartment in Altos del Prado,01/18/25 - 01/21/25,128,27,19,4.77,4.77 (111),23,https://www.airbnb.com/rooms/948448092861830161?check_in=2025-01-19&check_out=2025-01-22&guests=1&adults=1,37,3,110,0.859375,0,18,18,0.140625,,,,true,true,,true,,,,,,true,true,false,,true,,,,,,false,,,,,,,,,,,,,,,,,,,,,,,true,,,,,,,,,,,,,,,,,,,,,,,,,,,true,,,,true,,,,,,,,,,,,,,,,,,,,,,,,,,,,,,,,,,,,,,,,,
53,1160,455,0,705,0,0,0,0,0,1275519852451935950,Apartment in Riomar,01/18/25 - 01/21/25,165,51,27,5,5.0 (5),1,https://www.airbnb.com/rooms/1275519852451935950?check_in=2025-01-19&check_out=2025-01-22&guests=1&adults=1,45,3,135,0.8181818181818182,10,20,30,0.18181818181818182,,true,true,true,true,true,true,true,,,,,true,true,false,,,,,,,true,,,,,,true,,,,,,,,,,,,,,,,,,,,,,,,,,,,,,,,,,,,,,,,,,,,,,,,,,,,,,,,,,,,,,,,,,,,,,,,,,,,,,,,,,,,,,,,,,
54,1160,480,0,680,0,0,0,0,0,1158136821940923360,Condo in Barranquilla,01/18/25 - 01/21/25,156,46,27,4.94,4.94 (31),6,https://www.airbnb.com/rooms/1158136821940923360?check_in=2025-01-19&check_out=2025-01-22&guests=1&adults=1,45,3,134,0.8589743589743589,0,22,22,0.14102564102564102,,true,,,,,,,,,,,,,,,,,,,,,,,,,,,,,,,,,,,,,,,,,,,,,,,,,,,,,,,,,,,,,,,,,,,,,,,,,,,,,,,,,,,,,,,,,,,,,,,,,,,,,,,,,,,,,,,,,,,,
55,1160,510,0,650,0,0,0,0,0,967572864696659355,Apartment in Barranquilla,01/18/25 - 01/21/25,148,40,21,4.88,4.88 (93),12,https://www.airbnb.com/rooms/967572864696659355?check_in=2025-01-19&check_out=2025-01-22&guests=1&adults=1,39,3,117,0.7905405405405406,10,21,31,0.20945945945945946,,true,true,true,true,true,,true,true,true,,,true,true,,,,,,,,true,,,,,,,,,,,,,,,,,,,,,,,,,,,,,,,,,,,,,,,,,,,,,,,true,,,,,,,,,,,,,,,,,,,,,,,,,,,,,,,,,,,,,,,,,,,,,,,,,
56,1160,525,0,635,0,0,0,0,0,778434613453093388,Apartment in Barranquilla,01/18/25 - 01/21/25,144,37,19,4.85,4.85 (20),15,https://www.airbnb.com/rooms/778434613453093388?check_in=2025-01-19&check_out=2025-01-22&guests=1&adults=1,37,3,110,0.7638888888888888,14,20,34,0.2361111111111111,,true,true,true,true,true,true,true,true,,,,,,false,,,,,,,true,false,,,,,,,,,,,,,true,,,,,,,,,,,,,,,,,,,,,,,,,,,,,,,,,,,,,,,,,,,,,,,,,,,,,,,,,,,,,,,,,,,,,,,,,,,,,,,,,,
57,1160,570,0,590,0,0,0,0,0,46992166,Apartment in Puerto Colombia,01/18/25 - 01/21/25,130,28,15,4.76,4.76 (55),24,https://www.airbnb.com/rooms/46992166?check_in=2025-01-19&check_out=2025-01-22&guests=1&adults=1,32,3,97,0.7461538461538462,15,18,33,0.25384615384615383,7 beds,,,,,,,,,,,,,,,,,,,,,,,,,,,,,,,,,,,,,,,,,,,,,,,,,,,,,,,,,,,,,,,,,,,,,,,,,,,,,,,,,,,,,,,,,,,,,,,,,,,,,,,,,,,,,,,,,,,,,
58,1155,450,0,705,0,0,0,0,0,818248846285346100,Apartment in Riomar,01/18/25 - 01/21/25,166,52,25,5,5.0 (22),1,https://www.airbnb.com/rooms/818248846285346100?check_in=2025-01-19&check_out=2025-01-22&guests=1&adults=1,43,3,130,0.7831325301204819,13,23,36,0.21686746987951808,,true,true,true,true,true,,true,true,,,,,true,false,,,,,,,true,false,,,,,true,,,,,,,,,,,,,,,,,,,,,,,,,,,,,,,,,,,,,,,,,,,,,,,,,,,,,,,,,,,,,,,,,,,,,,,,,,,,,,,,,,,,,,,,,,
59,1155,465,0,690,0,0,0,0,0,1168706637386676091,Apartment in Altos del Prado,01/18/25 - 01/21/25,162,49,25,4.96,4.96 (26),4,https://www.airbnb.com/rooms/1168706637386676091?check_in=2025-01-19&check_out=2025-01-22&guests=1&adults=1,43,3,130,0.8024691358024691,9,23,32,0.19753086419753085,2 beds,true,,,,,,,,,,,,,,,,,,,,,,,,,,,,,,,,,,,,,,,,,,,,,,,,,,,,,,,,,,,,,,,,,,,,,,,,,,,,,,,,,,,,,,,,,,,,,,,,,,,,,,,,,,,,,,,,,,,,
60,1140,495,0,645,0,0,0,0,0,50675045,Apartment in Altos del Prado,01/18/25 - 01/21/25,151,43,21,4.87,4.87 (23),13,https://www.airbnb.com/rooms/50675045?check_in=2025-01-19&check_out=2025-01-22&guests=1&adults=1,39,3,116,0.7682119205298014,14,21,35,0.23178807947019867,,,,,,,,,,,,,,,,,,,,,,,,,,,,,,,,,,,,,,,,,,,,,,,,,,,,,,,,,,,,,,,,,,,,,,,,,true,,,,,,,,,,,,,,,,,,,,,,,,,,,,,,,,,,,,,,,,,,,,,
61,1140,580,0,560,0,0,0,0,0,589129454099628578,Apartment in Barranquilla,01/18/25 - 01/21/25,127,26,18,4.7,4.7 (47),30,https://www.airbnb.com/rooms/589129454099628578?check_in=2025-01-19&check_out=2025-01-22&guests=1&adults=1,36,3,109,0.8582677165354331,0,18,18,0.14173228346456693,,,,,true,true,,true,,true,,,,true,false,,,,,,,,,,,,,,,,,,,,,,,,,,,,,,,,,,,,,,,,,,,,,,,,,,,,,,,,,,,,,,,,,,,,,,,,,,,,,,,,,,,,,,,,,,,,,,,,,,,,,,,
62,1140,605,0,535,0,0,0,0,0,1275396557513416108,Apartment in Barranquilla,01/18/25 - 01/21/25,119,21,17,4.33,4.33 (3),35,https://www.airbnb.com/rooms/1275396557513416108?check_in=2025-01-19&check_out=2025-01-22&guests=1&adults=1,35,3,104,0.8739495798319328,15,0,15,0.12605042016806722,,,,true,true,,,true,true,true,,,true,true,,,,,,,true,true,false,,,,,,,,,,,,,,,,,,,,,,,,,,,,,,,,,,,,,,,,,,,,,,,,,,true,,,,,,,,,,,,,,,,,,,,,,,,,,,,,,,,,,,,,,,,,,,,,
63,1120,470,0,650,0,0,0,0,0,1219755974795016152,Apartment in Barranquilla,01/18/25 - 01/21/25,161,48,28,4.88,4.88 (24),12,https://www.airbnb.com/rooms/1219755974795016152?check_in=2025-01-19&check_out=2025-01-22&guests=1&adults=1,46,3,138,0.8571428571428571,0,23,23,0.14285714285714285,,true,true,true,true,,,true,true,true,,,,true,false,,,,,,true,true,false,,,,,,,,,,,,,,,,,,,,,,,,,,,,,,,,,,,,,,,,,,,,,,,,,,,,,,,,,,,,,,,,,,,,,,,,,,,,,,,,,,,,,,,,,,,,,,,
64,1120,555,0,565,0,0,0,0,0,42233484,Apartment in El Prado,01/18/25 - 01/21/25,135,31,14,4.71,4.71 (118),29,https://www.airbnb.com/rooms/42233484?check_in=2025-01-19&check_out=2025-01-22&guests=1&adults=1,31,3,93,0.6888888888888889,23,19,42,0.3111111111111111,1 queen bed,,,true,true,,,true,,true,true,true,,true,false,,,,,,,,false,,,,,,,,,,true,,,,,,,,,,,,,,,,,,,,,,,,,,,,,,,,,,,,,,,,,,,,,,,,,,,,,,,,,,,,,,,,,,,,,,,,,,,,,,,,,,,,,
65,1115,410,0,705,0,0,0,0,0,1263413022158762170,Loft in Riomar,01/18/25 - 01/21/25,177,60,27,5,5.0 (9),1,https://www.airbnb.com/rooms/1263413022158762170?check_in=2025-01-19&check_out=2025-01-22&guests=1&adults=1,45,3,136,0.768361581920904,16,25,41,0.23163841807909605,2 beds,true,true,true,true,,true,,,,,,true,,false,,,,,,,true,,,,,,,true,true,true,true,,,,,,,,,,,,,,,,,,,,,,,,,,,,,,,,,,,,,,,,,,,,,,,,,,,,,,,,,,,,,,,,,,,,,,,,,,,,,,,,,,,,,,
66,1115,410,0,705,0,0,0,0,0,1221775421076305369,Apartment in Riomar,01/18/25 - 01/21/25,177,60,33,5,5.0 (5),1,https://www.airbnb.com/rooms/1221775421076305369?check_in=2025-01-19&check_out=2025-01-22&guests=1&adults=1,51,3,152,0.8587570621468926,0,25,25,0.14124293785310735,,,,true,true,true,,true,true,true,true,,,true,,,,,,,,,,,,,,,,,,,true,true,,,,,,,,,,,,,,,,,,,,,,,,,,,,,,,,,,,,,,,,,,,,,,,,,,,,,,,,,,,,,,,,,,,,,,,,,,,,,,,,,,,,
67,1115,460,0,655,0,0,0,0,0,772256101383385214,Apartment in Riomar,01/18/25 - 01/21/25,163,50,25,4.89,4.89 (18),11,https://www.airbnb.com/rooms/772256101383385214?check_in=2025-01-19&check_out=2025-01-22&guests=1&adults=1,43,3,130,0.7975460122699386,10,23,33,0.20245398773006135,,,,,,,,,,,,,,,,,,,,,,,,,,,,,,,,,,,,,,,,,,,,,,,,,,,,,,,,,,,,,,,,,,,,,,,,,true,,,,,,,,,,,,,,,,,,,,,,,,,,,,,,,,,,,,,,,,,,,,,
68,1110,425,0,685,0,0,0,0,0,670908461546746562,Apartment in Barranquilla,01/18/25 - 01/21/25,174,57,30,4.95,4.95 (43),5,https://www.airbnb.com/rooms/670908461546746562?check_in=2025-01-19&check_out=2025-01-22&guests=1&adults=1,48,3,145,0.8333333333333334,5,24,29,0.16666666666666666,,true,true,true,true,true,,,true,true,,,true,,,,,,,,,true,,,,,,,true,,,,,,,,,,,,,,,,,,,,,,,,,true,true,,,,,,,,,,,,,,,,,,,,,,,,,,,,,,,,,,,,,,,,,,,,,,,,,,,,,,,,,,,,,,,
69,1110,535,0,575,0,0,0,0,0,857184632132030615,Loft in Barranquilla,01/18/25 - 01/21/25,142,35,20,4.73,4.73 (22),27,https://www.airbnb.com/rooms/857184632132030615?check_in=2025-01-19&check_out=2025-01-22&guests=1&adults=1,38,3,114,0.8028169014084507,10,18,28,0.19718309859154928,,,,true,true,,true,true,,,,,,true,false,,true,,,,,true,false,,,,,,,,,,,,,,,,,,,,,,,,,,,,,,,,,,,,,,,,,,,,,,,,,,,,,,,,,,,,,,,,,,,,,,,,,,,,,,,,,,,,,,,,true,,,,,,,
70,1105,520,0,585,0,0,0,0,0,579854390511238715,Loft in Riomar,01/18/25 - 01/21/25,146,38,18,4.75,4.75 (28),25,https://www.airbnb.com/rooms/579854390511238715?check_in=2025-01-19&check_out=2025-01-22&guests=1&adults=1,36,3,108,0.7397260273972602,20,18,38,0.2602739726027397,2 beds,,,,,,,,,,,,,,,,,,,,,,,,,,,,,,,,,,,,,,,,,,,,,,,,,,,,,,,,,,,,,,,,,,,,,,,,true,,,,,,,,,,,,,,,,,,,,,,,,,,,,,,,,,,,,,,,,,,,,,
71,1095,390,0,705,0,0,0,0,0,1117552249674168661,Apartment in Barranquilla,01/18/25 - 01/21/25,186,64,36,5,5.0 (22),1,https://www.airbnb.com/rooms/1117552249674168661?check_in=2025-01-19&check_out=2025-01-22&guests=1&adults=1,57,3,172,0.9247311827956989,14,0,14,0.07526881720430108,,true,true,true,true,true,,,true,,,,true,true,,,,,,,,true,,,,,,true,,,,,,,true,true,,,,,,,,,,,,,,,,,,,,,,,,,,,,,,,,,,,,,,,,,,,,,,,,,,,,,,,,,,,,,,,,,,,,,,,,,,,,,,,,,,
72,1090,385,0,705,0,0,0,0,0,1145751607597959372,Apartment in Norte Centro Historico,01/18/25 - 01/21/25,187,65,32,5,5.0 (12),1,https://www.airbnb.com/rooms/1145751607597959372?check_in=2025-01-19&check_out=2025-01-22&guests=1&adults=1,50,3,150,0.8021390374331551,11,26,37,0.19786096256684493,,true,true,true,true,,,true,true,true,,,,true,,,,,,,true,true,false,,,,,,,,,,,,,,true,,,,,,,,,,,,,,,,,,,,,,,,,,,,,,,,,,,,,,,,,,,,,,,,,,,,,,,,,,,,,,,,,,,,,,,,,,,,,,,,,
73,1090,390,0,700,0,0,0,0,0,609561801290842080,Condo in Barranquilla,01/18/25 - 01/21/25,186,64,36,4.98,4.98 (81),2,https://www.airbnb.com/rooms/609561801290842080?check_in=2025-01-19&check_out=2025-01-22&guests=1&adults=1,57,3,172,0.9247311827956989,14,0,14,0.07526881720430108,,true,true,true,true,true,true,,,,,,true,true,false,,,,,,,true,,,,,,,,,,,,,,,,,,,true,true,,,,,,,,,,,,,,,,,,,,,,,,,,,,,,,,,,,,,,,,,,,,,,,,,,,,,,,,,,,,,,,,,,,,,,,,,,,,
74,1090,530,0,560,0,0,0,0,0,728352596726874856,Condo in Barranquilla,01/18/25 - 01/21/25,143,36,18,4.7,4.7 (79),30,https://www.airbnb.com/rooms/728352596726874856?check_in=2025-01-19&check_out=2025-01-22&guests=1&adults=1,36,3,107,0.7482517482517482,16,20,36,0.2517482517482518,1 bed,,,true,,true,,,true,,,,,true,false,,,,,,,true,,,,true,true,,,,,,,,,,,,,,,,,,,,,,,true,,,,,,,,,,,,,,,,,,,,,,,true,,,,,,,,,,,,,,,,,,,,,,,,,,,,,,,,,,,,,,,,,,true,,,
75,1085,380,0,705,0,0,0,0,0,832595936661372930,Apartment in Altos del Prado,01/18/25 - 01/21/25,188,66,32,5,5.0 (17),1,https://www.airbnb.com/rooms/832595936661372930?check_in=2025-01-19&check_out=2025-01-22&guests=1&adults=1,50,3,150,0.7978723404255319,15,23,38,0.20212765957446807,2 beds,true,,,,,,,,,,,,,,,,,,,,,,,,,,,,,,,,,,,,,,,,,,,,,,,,,,,,,,,,,,,,,,,,,,,,,,,,,,,,,,,,,,,,,,,,,,,,,,,,,,,,,,,,,,,,,,,,,,,,
76,1080,375,0,705,0,0,0,0,0,1213860479958758965,Apartment in Barranquilla,01/18/25 - 01/21/25,191,67,34,5,5.0 (7),1,https://www.airbnb.com/rooms/1213860479958758965?check_in=2025-01-19&check_out=2025-01-22&guests=1&adults=1,52,3,155,0.8115183246073299,9,27,36,0.18848167539267016,1 bed,true,,,,,,,,,,,,,,,,,,,,,,,,,,,,,,,,,,,,,,,,,,,,,,,,,,,,,,,,,,,,,,,,,,,,,,,,,,,,,,,,,,,,,,,,,,,,,,,,,,,,,,,,,,,,,,,,,,,,
77,1080,440,0,640,0,0,0,0,0,40889682,Apartment in Riomar,01/18/25 - 01/21/25,169,54,26,4.86,4.86 (125),14,https://www.airbnb.com/rooms/40889682?check_in=2025-01-19&check_out=2025-01-22&guests=1&adults=1,44,3,131,0.7751479289940828,14,24,38,0.22485207100591717,1 double bed,,,true,true,,true,,,,,,true,true,,,,,,,,true,,,,,,,,,,true,,,,,,,,,,,,,,,,,,,,true,,,,,,,,,,,,,,,,,,,,,true,,,,,,,,,,,true,true,,,,,,,,,,,,,,,,,,,,,,,,,,,,,,,,,
78,1075,370,0,705,0,0,0,0,0,876991499135671172,Apartment in Riomar,01/18/25 - 01/21/25,192,68,31,5,5.0 (8),1,https://www.airbnb.com/rooms/876991499135671172?check_in=2025-01-19&check_out=2025-01-22&guests=1&adults=1,49,3,148,0.7708333333333334,18,27,45,0.234375,5 beds,true,true,true,true,true,true,,,,,,true,true,,,true,,,,,,,,,,,,,,,,,,true,,,true,true,,,,,,,,,,,,,,,,,,,,,,,,,,,,,,,,,,,,,,,,,,,,,,,,,,,,,,,,,,,,,,,,,,,,,,,,,,,,,,,
79,1075,385,0,690,0,0,0,0,0,1102454545461123609,Apartment in Riomar,01/18/25 - 01/21/25,187,65,36,4.96,4.96 (28),4,https://www.airbnb.com/rooms/1102454545461123609?check_in=2025-01-19&check_out=2025-01-22&guests=1&adults=1,57,3,172,0.9197860962566845,15,0,15,0.08021390374331551,,true,true,true,true,true,,,true,,,,true,true,,,,,,,,true,,,,,,true,,,,,,,true,true,,,,,,,,,,,,,,,,,,,,,,,,,,,,,,,,,,,,,,,,,,,,,,,,,,,,,,,,,,,,,,,,,,,,,,,,,,,,,,,,,,
80,1075,430,0,645,0,0,0,0,0,670546612698920064,Apartment in Barranquilla,01/18/25 - 01/21/25,173,56,29,4.87,4.87 (137),13,https://www.airbnb.com/rooms/670546612698920064?check_in=2025-01-19&check_out=2025-01-22&guests=1&adults=1,47,3,140,0.8092485549132948,9,24,33,0.1907514450867052,,true,true,true,,true,,,,,,,true,,,,,,,,,true,,,,,,,,,,true,,,,,,,,,,,true,,,true,true,,,,,,,,,,,,,,,,,,,,,,,,,,,,,,,,,,true,true,,,,,,,,,,,,,,,,,,,,,,,,,,,,,,,,,,,,
81,1065,400,0,665,0,0,0,0,0,30045298,Loft in Barranquilla,01/18/25 - 01/21/25,182,62,28,4.91,4.91 (122),9,https://www.airbnb.com/rooms/30045298?check_in=2025-01-19&check_out=2025-01-22&guests=1&adults=1,46,3,138,0.7582417582417582,18,26,44,0.24175824175824176,,true,true,true,,true,,,,,,,true,true,,,,,,,,true,,,,,,,,,,true,,,,,true,,,,,,,,,true,,,,,,,,,,,,,,,,,,,,,,,,true,true,,,,,,,,,,,,,,,,,,,,,,,,,,,,,,,,,,,,,,,,,,,,,,,
82,1065,445,0,620,0,0,0,0,0,666732140760556880,Loft in Riomar,01/18/25 - 01/21/25,168,53,27,4.82,4.82 (106),18,https://www.airbnb.com/rooms/666732140760556880?check_in=2025-01-19&check_out=2025-01-22&guests=1&adults=1,45,3,135,0.8035714285714286,12,21,33,0.19642857142857142,,true,true,true,,true,true,,,,,,,true,,true,,,,,,,,,,,,,,,,,,,,,,,true,,,,,,,,,,,true,,,,,,,,,,,,,,,,,,,,,,,,true,,,,,,,,,,,,,,,,,,,,,,,true,true,,,,,,,,,,,,,,,,,,,,
83,1060,395,0,665,0,0,0,0,0,633807815317893943,Condo in Riomar,01/18/25 - 01/21/25,185,63,36,4.91,4.91 (65),9,https://www.airbnb.com/rooms/633807815317893943?check_in=2025-01-19&check_out=2025-01-22&guests=1&adults=1,57,3,172,0.9297297297297298,13,0,13,0.07027027027027027,,true,true,true,true,true,,,,,,,true,true,,,true,,,,,true,,,,,,,,,,true,,,,,,,,,true,true,,,,,,,,,,,,,,,,,,,,,,,,,,,,,,,,,,,,,,,,,,,,,,,,,,,,,,,,,,,,,,,,,,,,,,,,,,,,
84,1055,375,0,680,0,0,0,0,0,632008115881708990,Loft in Riomar,01/18/25 - 01/21/25,191,67,32,4.94,4.94 (67),6,https://www.airbnb.com/rooms/632008115881708990?check_in=2025-01-19&check_out=2025-01-22&guests=1&adults=1,50,3,149,0.7801047120418848,15,27,42,0.2198952879581152,,true,true,true,,true,,,,,,,,,,,true,,,,,true,,,,,,,,,,true,,,,,,,,,true,,,,,,,,,,,,,,,,,,,,true,true,true,true,,,,,,,,,,,,,,,,,,,,,,,,,,,,,,,,,,,,,,,,,,,,,,,,,,,,,,
85,1055,530,0,525,0,0,0,0,0,1138635007998278598,Apartment in Barranquilla,01/18/25 - 01/21/25,143,36,19,,,37,https://www.airbnb.com/rooms/1138635007998278598?check_in=2025-01-19&check_out=2025-01-22&guests=1&adults=1,37,3,110,0.7692307692307693,13,20,33,0.23076923076923078,3 beds,,,true,true,true,,true,true,,,,,true,false,,,,,,,true,false,,,,,,,,,,,,,true,,,,,,,,,,,,,,,,,,,,,,,,,,,,,,,,,,,,,true,,,,,,,,,,,,,,,,,,,,,,,,,,,,,,,,,,,,,,,,,,,,,
86,1050,440,0,610,0,0,0,0,0,1071189409121611140,Apartment in Barranquilla,01/18/25 - 01/21/25,169,54,23,4.8,4.8 (15),20,https://www.airbnb.com/rooms/1071189409121611140?check_in=2025-01-19&check_out=2025-01-22&guests=1&adults=1,41,3,124,0.7337278106508875,21,24,45,0.26627218934911245,,,,,,,,,,,,,,,,,,,,,,,,,,,,,,,,,,,,,,,,,,,,,,,,,,,,,,,,,,,,,,,,,,,,,,,,,true,,,,,,,,,,,,,,,,,,,,,,,,,,,,,,,,,,,,,,,,,,,,,
87,1045,345,0,700,0,0,0,0,0,1157456880859661615,Apartment in Barranquilla,01/18/25 - 01/21/25,205,73,43,4.98,4.98 (43),2,https://www.airbnb.com/rooms/1157456880859661615?check_in=2025-01-19&check_out=2025-01-22&guests=1&adults=1,68,3,205,1,0,0,0,0,,true,true,true,true,true,,true,true,,,,,true,false,,,,,,,true,,,,,,true,,,,,,,,true,,,,,,,,,,,,,,,,,,,,,,,,,,,,,,,,,,,,,,,,,,,,,,,,,,,,,,,,,,,,,,,,,,,,,,,,,,,,,,,,,,
88,1045,470,0,575,0,0,0,0,0,1055949574889722079,Apartment in Riomar,01/18/25 - 01/21/25,161,48,28,4.73,4.73 (15),27,https://www.airbnb.com/rooms/1055949574889722079?check_in=2025-01-19&check_out=2025-01-22&guests=1&adults=1,46,3,138,0.8571428571428571,0,23,23,0.14285714285714285,,,,,,,,,,,,,,,,,,,,,,,,,,,,,,,,,,,,,,,,,,,,,,,,,,,,,,,,,,,,,,,,,,,,,,,,,,,,,,,,,,,,,,,,,,,,,,,,,,,,,,,,,,,,,,,,,,,,,,
89,1045,485,0,560,0,0,0,0,0,1202406468213303054,Apartment in Barranquilla,01/18/25 - 01/21/25,155,45,23,4.7,4.7 (10),30,https://www.airbnb.com/rooms/1202406468213303054?check_in=2025-01-19&check_out=2025-01-22&guests=1&adults=1,41,3,124,0.8,9,22,31,0.2,2 beds,,,true,true,,,true,true,true,,,,true,false,,,,,,true,,false,,,,,,,,,,,,,,,,,,,,,,,,,,,,,,,,,,,,,,,,,,,,,,,,,,,,,,,,,,,,,,,,,,,,,,,,,,,,,,,,,,,,,,,,,,,,,,,
90,1035,420,0,615,0,0,0,0,0,666116297319225101,Condo in Barranquilla,01/18/25 - 01/21/25,175,58,27,4.81,4.81 (63),19,https://www.airbnb.com/rooms/666116297319225101?check_in=2025-01-19&check_out=2025-01-22&guests=1&adults=1,45,3,135,0.7714285714285715,18,22,40,0.22857142857142856,,,,,,,,,,,,,,,,,,,,,,,,,,,,,,,,,,,,,,,,,,,,,,,,,,,,,,,,,,,,,,,,,,,,,,,,,,,,,,,,,,,,,,,,,,,,,,,,,,,,,,,,,,,,,,,,,,,,,,
91,1035,435,0,600,0,0,0,0,0,1130451656312373754,Apartment in Barranquilla,01/18/25 - 01/21/25,170,55,34,4.78,4.78 (36),22,https://www.airbnb.com/rooms/1130451656312373754?check_in=2025-01-19&check_out=2025-01-22&guests=1&adults=1,52,3,155,0.9117647058823529,15,0,15,0.08823529411764706,,,,true,true,true,true,true,,,,,true,true,,,,,,,true,,false,,,,,,,,,,,,,,,,,,,,,,,,,,,,,,,,,,,,,,,,,,,,,,,,,,true,,,,,,,,,,,,,,,,,,,,true,,,,,,,,,,,,,,,,,,,,,,,,,
92,1030,405,0,625,0,0,0,0,0,47213583,Loft in Barranquilla,01/18/25 - 01/21/25,179,61,28,4.83,4.83 (88),17,https://www.airbnb.com/rooms/47213583?check_in=2025-01-19&check_out=2025-01-22&guests=1&adults=1,46,3,138,0.770949720670391,16,25,41,0.22905027932960895,,true,true,true,,true,,,,,,,true,true,,,,,,,,,,,,,,,,,,,,,,,,,,,,,,,,,,,,,,,,true,,,,,,,,,,,true,,,,,,,,,,,,,,,,,,,,,,,,,true,true,true,true,,,,,,,,,,,,,,,,,,,,,,,,,
93,1025,340,0,685,0,0,0,0,0,560046096793026954,Loft in Barranquilla,01/18/25 - 01/21/25,207,74,34,4.95,4.95 (170),5,https://www.airbnb.com/rooms/560046096793026954?check_in=2025-01-19&check_out=2025-01-22&guests=1&adults=1,52,3,156,0.7536231884057971,22,29,51,0.2463768115942029,2 beds,true,true,true,true,true,,,,,,,,true,,,true,,,,,true,,,true,,,,,,,true,,,,,,,,,,,,,,,,,,true,,,,,,true,,,,,,,,,,,,,,,,,,,,,,,,,,,,,,,,,,,,,,,,,,,,,,,,,,,,,,,,,,,,,,
94,1020,360,0,660,0,0,0,0,0,1003595258023738742,Loft in Barranquilla,01/18/25 - 01/21/25,196,70,33,4.9,4.9 (31),10,https://www.airbnb.com/rooms/1003595258023738742?check_in=2025-01-19&check_out=2025-01-22&guests=1&adults=1,51,3,152,0.7755102040816326,16,28,44,0.22448979591836735,,true,true,true,,true,true,true,,true,,,,,false,,,,,,,true,,,true,,,,,,,true,,,,,,,,,,,,,,,,,,,,,,,,,,,,,,,,,,,,,,,,true,,,,,,,,,,,,,,,,,,,,,,,,,,,,,,,,,,,,,,,,,,,,,,
95,1015,365,0,650,0,0,0,0,0,36636144,Apartment in Barranquilla,01/18/25 - 01/21/25,193,69,30,4.88,4.88 (191),12,https://www.airbnb.com/rooms/36636144?check_in=2025-01-19&check_out=2025-01-22&guests=1&adults=1,48,3,144,0.7461139896373057,25,24,49,0.2538860103626943,1 king bed,true,,,,,,,,,,,,,,,,,,,,,,,,,,,,,,,,,,,,,,,,,,,,,,,,,,,,,,,,,,,,,,,,,,,,,,,,,,,,,,,,,,,,,,,,,,,,,,,,,,,,,,,,,,,,,,,,,,,,
96,1015,385,0,630,0,0,0,0,0,578813021757943148,Apartment in Barranquilla,01/18/25 - 01/21/25,187,65,33,4.84,4.84 (31),16,https://www.airbnb.com/rooms/578813021757943148?check_in=2025-01-19&check_out=2025-01-22&guests=1&adults=1,51,3,152,0.8128342245989305,9,26,35,0.18716577540106952,,,,true,true,,,true,,true,,,,true,false,,,,,,,true,false,,,,,,,,,,,,,,true,,,,,,,,,,,,,,,,,,,,,,,,,,,,,,,,,,,,true,,,,,,,,,,,,,true,,,,,,,,,,,,,,,,,,,,,,,,,,,,,,,,
97,1010,335,0,675,0,0,0,0,0,1030610654096178890,Apartment in Riomar,01/18/25 - 01/21/25,211,75,35,4.93,4.93 (14),7,https://www.airbnb.com/rooms/1030610654096178890?check_in=2025-01-19&check_out=2025-01-22&guests=1&adults=1,55,3,165,0.7819905213270142,16,30,46,0.21800947867298578,,true,,,,,,,,,,,,,,,,,,,,,,,,,,,,,,,,,,,,,,,,,,,,,,,,,,,,,,,,,,,,,,,,,,,,,,,,,,,,,,,,,,,,,,,,,,,,,,,,,,,,,,,,,,,,,,,,,,,,
98,1005,305,0,700,0,0,0,0,0,760231210463511963,Apartment in Riomar,01/18/25 - 01/21/25,227,81,39,4.98,4.98 (56),2,https://www.airbnb.com/rooms/760231210463511963?check_in=2025-01-19&check_out=2025-01-22&guests=1&adults=1,62,3,186,0.8193832599118943,13,28,41,0.18061674008810572,,true,true,true,true,true,true,true,,,,,,true,false,,,,,,,true,,,,,,,,,,,,,,,,,,,true,,true,,,,,,,,,,,,,,,,,,,,,,,,,,,,,,,,,,,,,,,,,,,,,,,,,,,,,,,,,,,,,,,,,,,,,,,,,,,
99,1005,345,0,660,0,0,0,0,0,15248301,Apartment in Barranquilla,01/18/25 - 01/21/25,205,73,43,4.9,4.9 (114),10,https://www.airbnb.com/rooms/15248301?check_in=2025-01-19&check_out=2025-01-22&guests=1&adults=1,68,3,205,1,0,0,0,0,,true,,,,,,,,,,,,,,,,,,,,,,,,,,,,,,,,,,,,,,,,,,,,,,,,,,,,,,,,,,,,,,,,,,,,,,,,,,,,,,,,,,,,,,,,,,,,,,,,,,,,,,,,,,,,,,,,,,,,
100,1005,355,0,650,0,0,0,0,0,51890748,Loft in Riomar,01/18/25 - 01/21/25,199,71,41,4.88,4.88 (143),12,https://www.airbnb.com/rooms/51890748?check_in=2025-01-19&check_out=2025-01-22&guests=1&adults=1,66,3,199,1,0,0,0,0,,true,true,true,true,true,,,,,,,,true,false,,true,,,,,true,,,,,,,,,,,,,,,,,,,,,,,,,,,,,,,,,,,,,,,,,,,,,,,,,,,,true,true,true,,,,,,,,,,,,,,,,,,,,,,,,,,,,,,,,,,,,,,,,,,
101,1000,295,0,705,0,0,0,0,0,42336924,Loft in Barranquilla,01/18/25 - 01/21/25,236,83,44,5,5.0 (18),1,https://www.airbnb.com/rooms/42336924?check_in=2025-01-19&check_out=2025-01-22&guests=1&adults=1,69,3,207,0.8771186440677966,0,29,29,0.1228813559322034,,true,true,true,true,,,true,,true,true,,,true,false,,,,,,,true,,,,,,,,,,,,,,true,,,,true,,,,,,,,,,,,,,,,,,,,,,,,,,,,,,,,,,,,,,,,,,,,,,,,,,,,,,,,,,,,,,,,,,,,,,,,,,,,,,
102,1000,310,0,690,0,0,0,0,0,1123174675454933819,Apartment in Barranquilla,01/18/25 - 01/21/25,219,80,37,4.96,4.96 (24),4,https://www.airbnb.com/rooms/1123174675454933819?check_in=2025-01-19&check_out=2025-01-22&guests=1&adults=1,58,3,174,0.7945205479452054,14,31,45,0.2054794520547945,,true,,,,,,,,,,,,,,,,,,,,,,,,,,,,,,,,,,,,,,,,,,,,,,,,,,,,,,,,,,,,,,,,,,,,,,,,,,,,,,,,,,,,,,,,,,,,,,,,,,,,,,,,,,,,,,,,,,,,
103,1000,475,0,525,0,0,0,0,0,1324043894630454646,Apartment in Puerto Colombia,01/18/25 - 01/21/25,157,47,19,,New,37,https://www.airbnb.com/rooms/1324043894630454646?check_in=2025-01-19&check_out=2025-01-22&guests=1&adults=1,37,3,140,0.89171974522293,23,22,45,0.28662420382165604,3 beds,,,,,,,,,,,,,,,,,,,,,,,,,,,,,,,,,,,,,,,,,,,,,,,,,,,,,,,,,,,,,,,,,,,,,,,,,,,,,,,,,,,,,,,,,,,,,,,,,,,,,,,,,,,,,,,,,,,,,
104,995,305,0,690,0,0,0,0,0,827344165404520536,Apartment in Riomar,01/18/25 - 01/21/25,227,81,39,4.96,4.96 (47),4,https://www.airbnb.com/rooms/827344165404520536?check_in=2025-01-19&check_out=2025-01-22&guests=1&adults=1,62,3,186,0.8193832599118943,13,28,41,0.18061674008810572,,true,true,true,,true,true,true,true,,,,,true,false,,,,,,,,,,true,,,,,,,,,,,,,,,,,,,,,,,,true,true,,,,,,,,,,,,,,,,,,,,,,,,,,,,,,,,,,,,,,,,,,,,,,,,,,,,,,,,,,,,,,,,,,,,
105,995,305,0,690,0,0,0,0,0,1072423875920873938,Loft in El Prado,01/18/25 - 01/21/25,227,81,38,4.96,4.96 (23),4,https://www.airbnb.com/rooms/1072423875920873938?check_in=2025-01-19&check_out=2025-01-22&guests=1&adults=1,60,3,179,0.788546255506608,16,32,48,0.21145374449339208,,true,,,,,,,,,,,,,,,,,,,,,,,,,,,,,,,,,,,,,,,,,,,,,,,,,,,,,,,,,,,,,,,,,,,,,,,,,,,,,,,,,,,,,,,,,,,,,,,,,,,,,,,,,,,,,,,,,,,,
106,995,345,0,650,0,0,0,0,0,869669841426111432,Apartment in Riomar,01/18/25 - 01/21/25,205,73,43,4.88,4.88 (43),12,https://www.airbnb.com/rooms/869669841426111432?check_in=2025-01-19&check_out=2025-01-22&guests=1&adults=1,68,3,205,1,0,0,0,0,,true,true,true,true,true,,,,,,,,,false,,,,,,,true,,,,,,,true,,,true,,,,true,,,,,true,,,,,,,,,,,,,,,,,,,,,,,,,,,,,,,,,,,,true,,,,,,,,,,,,,,,,,,,,,,,,,,,,,,,,,,,,,,,,,
107,990,465,0,525,0,0,0,0,0,1325488517481138132,Apartment in Barranquilla,01/18/25 - 01/21/25,162,49,22,,New,37,https://www.airbnb.com/rooms/1325488517481138132?check_in=2025-01-19&check_out=2025-01-22&guests=1&adults=1,40,3,152,0.9382716049382716,17,23,40,0.24691358024691357,,,,true,true,true,true,true,true,,,,,true,false,,,,,,true,true,,,,,,,,,,,,,,,,,,,,,,,,,,,,,,,,,,,,,,,,,,,,,,,,,,,,,,,,,,,,,,,,,,,,,,,,,,,,,,,,,,,,,,,,,,,,,,,,
108,985,350,0,635,0,0,0,0,0,589743432354228970,Apartment in Riomar,01/18/25 - 01/21/25,203,72,35,4.85,4.85 (33),15,https://www.airbnb.com/rooms/589743432354228970?check_in=2025-01-19&check_out=2025-01-22&guests=1&adults=1,55,3,165,0.812807881773399,9,29,38,0.18719211822660098,,,,,,,,,,,,,,,,,,,,,,,,,,,,,,,,,,,,,,,,,,,,,,,,,,,,,,,,,,,,,,,,,,,,,,,,,true,,,,,,,,,,,,,,,,,,,,,,,,,,,,,,,,,,,,,,,,,,,,,
109,980,330,0,650,0,0,0,0,0,1163349992213781715,Apartment in Barranquilla,01/18/25 - 01/21/25,213,76,36,4.88,4.88 (17),12,https://www.airbnb.com/rooms/1163349992213781715?check_in=2025-01-19&check_out=2025-01-22&guests=1&adults=1,57,3,172,0.8075117370892019,11,30,41,0.19248826291079812,,true,true,true,true,true,true,true,,,,,,true,false,,true,,,,true,,false,,,,,,,,,,,,,,,,,,,,,,,,,,,,,,,,,,,,,,,,,,,,,,,,,,,,,,,,,,,,,,,,,,,,,,,,,,,,,,,,,,,,,,,,,,,,,,,
110,980,415,0,565,0,0,0,0,0,578471235529331247,Loft in Barranquilla,01/18/25 - 01/21/25,176,59,28,4.71,4.71 (83),29,https://www.airbnb.com/rooms/578471235529331247?check_in=2025-01-19&check_out=2025-01-22&guests=1&adults=1,46,3,138,0.7840909090909091,13,25,38,0.2159090909090909,,,,,,,,,,,,,,,,,,,,,,,,,,,,,,,,,,,,,,,,,,,,,,,,,,,,,,,,,,,,,,,,,,,,,,,,,,,,,,,,,,,,,,,,,,,,,,,,,,,,,,,,,,,,,,,,,,,,,,
111,980,455,0,525,0,0,0,0,0,1140714046628071572,Apartment in Altos del Prado,01/18/25 - 01/21/25,165,51,27,,,37,https://www.airbnb.com/rooms/1140714046628071572?check_in=2025-01-19&check_out=2025-01-22&guests=1&adults=1,45,3,135,0.8181818181818182,10,20,30,0.18181818181818182,,,,true,true,true,,true,true,true,,,true,true,false,,,,,,true,,,,,,,,,,,,,,,,,,,,,,,,,,,,,,,,,,,,,,,,,,,,,,,,,,,,,,,,,,,,,,,,,,,,,,,,,,,,,,,,,,,,,,,,,,,,,,,,,
112,975,290,0,685,0,0,0,0,0,1036257697635332746,Apartment in Barranquilla,01/18/25 - 01/21/25,237,84,39,4.95,4.95 (38),5,https://www.airbnb.com/rooms/1036257697635332746?check_in=2025-01-19&check_out=2025-01-22&guests=1&adults=1,62,3,186,0.7848101265822784,22,29,51,0.21518987341772153,2 beds,true,true,true,true,true,,true,,,,,true,true,false,,true,,,,true,true,,,,,,,,,,,,,,,,,,,,,,,,,,,,,,,,,,,,,,,,,,,,,,,,,,,,,,,,,,,,,,,,,,,,,,,,,,,,,,,,,,,,,,,,,,,,,,,,
113,975,345,0,630,0,0,0,0,0,540423002431758079,Home in Barranquilla,01/18/25 - 01/21/25,205,73,35,4.84,4.84 (44),16,https://www.airbnb.com/rooms/540423002431758079?check_in=2025-01-19&check_out=2025-01-22&guests=1&adults=1,55,3,165,0.8048780487804879,11,29,40,0.1951219512195122,,,,true,true,true,true,true,true,true,,,,true,false,,,,,,,,false,,,,,,,,,,,,,,,,,,,,,,,,,,,,,,,,,,,,,,,,,,,,,,,,,,true,,,,,,,,,,,,,,,,,,,,,,,,,,,,,,,,,,,,,,,,,,,,,
114,970,355,0,615,0,0,0,0,0,51903908,Loft in Riomar,01/18/25 - 01/21/25,199,71,41,4.81,4.81 (102),19,https://www.airbnb.com/rooms/51903908?check_in=2025-01-19&check_out=2025-01-22&guests=1&adults=1,66,3,199,1,0,0,0,0,,true,true,true,true,true,,,,,,,,true,false,,,,,,,true,,,,,,,,,,,,,,,,,,,,,,,,,,,,,,,,,,,,,,,,,,,,,,,,,,,,,,true,,,,,,,,,,,,,,,,,,,,,,,true,true,true,,,,,,,,,,,,,,,,,
115,965,335,0,630,0,0,0,0,0,813650326983276913,Apartment in Riomar,01/18/25 - 01/21/25,211,75,36,4.84,4.84 (38),16,https://www.airbnb.com/rooms/813650326983276913?check_in=2025-01-19&check_out=2025-01-22&guests=1&adults=1,57,3,172,0.8151658767772512,9,30,39,0.1848341232227488,,,,true,true,true,,true,true,,,,true,true,false,,,,,,,true,,,,,,true,,,,,,,,,,,,,,,,,,,,,,,,,,,,,,,,,,,,,,,,,,,,,true,,,,,,,,,,,,,,,,,,,,,,,,,,,,,,,,,,,,,,,,,,,,,
116,960,280,0,680,0,0,0,0,0,607375636920225848,Apartment in Riomar,01/18/25 - 01/21/25,244,86,40,4.94,4.94 (77),6,https://www.airbnb.com/rooms/607375636920225848?check_in=2025-01-19&check_out=2025-01-22&guests=1&adults=1,64,3,193,0.7909836065573771,17,34,51,0.20901639344262296,,true,true,true,true,true,,,,,,,,true,,,true,,,,,true,,,true,,,,,,,true,,,,,,,,,true,,,,,,,,,,,,,,,,,,,,,,,,true,,,,,,,,,,,,,,,,,,,,,,,,,,,,,,,,,,,,,,,,,,,,,,,,,,,,,
117,955,260,0,695,0,0,0,0,0,787266934276265103,Condo in Riomar,01/18/25 - 01/21/25,255,90,50,4.97,4.97 (88),3,https://www.airbnb.com/rooms/787266934276265103?check_in=2025-01-19&check_out=2025-01-22&guests=1&adults=1,80,3,241,0.9450980392156862,14,0,14,0.054901960784313725,3 double beds,true,,,,,,,,,,,,,,,,,,,,,,,,,,,,,,,,,,,,,,,,,,,,,,,,,,,,,,,,,,,,,,,,,,,,,,,,,,,,,,,,,,,,,,,,,,,,,,,,,,,,,,,,,,,,,,,,,,,,
118,950,300,0,650,0,0,0,0,0,1036422162775786511,Loft in Riomar,01/18/25 - 01/21/25,230,82,37,4.88,4.88 (8),12,https://www.airbnb.com/rooms/1036422162775786511?check_in=2025-01-19&check_out=2025-01-22&guests=1&adults=1,58,3,174,0.7565217391304347,28,28,56,0.24347826086956523,,true,true,true,true,true,true,true,true,true,,,,true,false,,,,,,,,false,,,,,,,,,,,,,,,,,,,,,,,,,,,,,,,,,,,,,,,,,,,,,,,,,,,,,,,,,,,,,,,,,,,,,,,,,,,,,,,,,,,,,,,,,,,,,,,
119,950,335,0,615,0,0,0,0,0,54405684,Apartment in Riomar,01/18/25 - 01/21/25,211,75,32,4.81,4.81 (58),19,https://www.airbnb.com/rooms/54405684?check_in=2025-01-19&check_out=2025-01-22&guests=1&adults=1,50,3,150,0.7109004739336493,35,26,61,0.2890995260663507,,true,true,true,true,true,true,true,true,,,,,true,false,,,,,,,true,false,,,,,,,,,,,,,,,,,,,,,,,,,,,,,,,,,,,,,,,,,,,,,,,,,,,,,,,,,,,,,,,,,,,,,,,,,,,,,,,,,,,,,,,,,,,,,,,
120,940,235,0,705,0,0,0,0,0,1078197293985232992,Apartment in Barranquilla,01/18/25 - 01/21/25,293,95,49,5,5.0 (20),1,https://www.airbnb.com/rooms/1078197293985232992?check_in=2025-01-19&check_out=2025-01-22&guests=1&adults=1,78,3,234,0.7986348122866894,18,41,59,0.20136518771331058,,true,true,true,true,true,true,true,,,,,,true,false,,,,,,true,,false,,,,,true,,,,,,,,,,,,,,,,,,,,,,,,,,,,,,,,,,,,,,,,,,,,,,,,,,,,,,,,,,,,,,,,,,,,,,,,,,,,,,,,,,,,,,,,,,
121,940,270,0,670,0,0,0,0,0,579891391743511059,Condo in Riomar,01/18/25 - 01/21/25,248,88,48,4.92,4.92 (71),8,https://www.airbnb.com/rooms/579891391743511059?check_in=2025-01-19&check_out=2025-01-22&guests=1&adults=1,77,3,230,0.9274193548387096,18,0,18,0.07258064516129033,,true,,,,,,,,,,,,,,,,,,,,,,,,,,,,,,,,,,,,,,,,,,,,,,,,,,,,,,,,,,,,,,,,,,,,,,,,,,,,,,,,,,,,,,,,,,,,,,,,,,,,,,,,,,,,,,,,,,,,
122,940,325,0,615,0,0,0,0,0,49519932,Apartment in Riomar,01/18/25 - 01/21/25,214,77,36,4.81,4.81 (79),19,https://www.airbnb.com/rooms/49519932?check_in=2025-01-19&check_out=2025-01-22&guests=1&adults=1,57,3,172,0.8037383177570093,12,30,42,0.19626168224299065,,,,true,true,true,,true,true,true,,,,true,false,,,,,,,,,,true,,,true,,,,,,,,,,,,,,,,,,,,,,,,,,,,,,,,,,,,,,,,,,,,,,,,,,,,,,,,,,,,,,,,,,,,,,,,,,,,,,,,,,,,,,,,,,
123,935,320,0,615,0,0,0,0,0,23018878,Home in Villa Carolina,01/18/25 - 01/21/25,217,78,44,4.81,4.81 (259),19,https://www.airbnb.com/rooms/23018878?check_in=2025-01-19&check_out=2025-01-22&guests=1&adults=1,69,3,206,0.9493087557603687,11,0,11,0.05069124423963134,,,,true,,true,,,,,,,true,,,,,,,,,,,,true,,,,,,,true,,,,,true,,,,,,,,,true,,,,,,,,,,,,,,,,,,,,,,,,,,,true,,,,,,,,,,,,,,,,,,,,,,,,,,,,,true,true,true,,,,,,,,,,,,,,
124,925,250,0,675,0,0,0,0,0,1083373033040531172,Apartment in Barranquilla,01/18/25 - 01/21/25,275,92,45,4.93,4.93 (27),7,https://www.airbnb.com/rooms/1083373033040531172?check_in=2025-01-19&check_out=2025-01-22&guests=1&adults=1,74,3,221,0.8036363636363636,20,34,54,0.19636363636363635,3 beds,true,true,true,true,true,true,true,,,,,true,true,,,,,,,,,,,,,,,,,,,,,,,,,true,,,,,,,,,,,true,,,,,,,,,,,,,,,,true,,,,,,,,,,,,,,,,,,,,,,,,,,,,,,,,,,,,,,,,,,,,,,,,,,,,
125,925,270,0,655,0,0,0,0,0,914666185889380885,Apartment in Barranquilla,01/18/25 - 01/21/25,248,88,48,4.89,4.89 (44),11,https://www.airbnb.com/rooms/914666185889380885?check_in=2025-01-19&check_out=2025-01-22&guests=1&adults=1,77,3,230,0.9274193548387096,18,0,18,0.07258064516129033,,true,,,,,,,,,,,,,,,,,,,,,,,,,,,,,,,,,,,,,,,,,,,,,,,,,,,,,,,,,,,,,,,,,,,,,,,,,,,,,,,,,,,,,,,,,,,,,,,,,,,,,,,,,,,,,,,,,,,,
126,920,235,0,685,0,0,0,0,0,727560081409176067,Condo in Riomar,01/18/25 - 01/21/25,293,95,50,4.95,4.95 (132),5,https://www.airbnb.com/rooms/727560081409176067?check_in=2025-01-19&check_out=2025-01-22&guests=1&adults=1,80,3,241,0.8225255972696246,11,41,52,0.17747440273037543,,true,,,,,,,,,,,,,,,,,,,,,,,,,,,,,,,,,,,,,,,,,,,,,,,,,,,,,,,,,,,,,,,,,,,,,,,,,,,,,,,,,,,,,,,,,,,,,,,,,,,,,,,,,,,,,,,,,,,,
127,910,265,0,645,0,0,0,0,0,33826956,Loft in Barranquilla,01/18/25 - 01/21/25,251,89,43,4.87,4.87 (97),13,https://www.airbnb.com/rooms/33826956?check_in=2025-01-19&check_out=2025-01-22&guests=1&adults=1,68,3,203,0.8087649402390438,17,31,48,0.19123505976095617,3 beds,,,,,,,,,,,,,,,,,,,,,,,,,,,,,,,,,,,,,,,,,,,,,,,,,,,,,,,,,,,,,,,,,,,,,,,,true,,,,,,,,,,,,,,,,,,,,,,,,,,,,,,,,,,,,,,,,,,,,,
128,910,285,0,625,0,0,0,0,0,1006010843103823157,Apartment in Barranquilla,01/18/25 - 01/21/25,241,85,44,4.83,4.83 (69),17,https://www.airbnb.com/rooms/1006010843103823157?check_in=2025-01-19&check_out=2025-01-22&guests=1&adults=1,69,3,207,0.8589211618257261,0,34,34,0.14107883817427386,3 beds,true,true,true,true,true,,true,true,,,,,true,false,,,,,,true,,false,,,,,true,,,,,,,,,,,,,,,,,,,,,,,,,,,,,,,,,,,,,,,,,,,,,,,,,,,,,,,,,,,,,,,,,,,,,,,,,,,,,,,,,,,,,,,,,,
129,905,245,0,660,0,0,0,0,0,1260914657850011176,Apartment in Miramar,01/18/25 - 01/21/25,278,93,48,4.9,4.9 (10),10,https://www.airbnb.com/rooms/1260914657850011176?check_in=2025-01-19&check_out=2025-01-22&guests=1&adults=1,77,3,231,0.8309352517985612,13,34,47,0.16906474820143885,,true,true,true,true,true,true,true,,,,,true,true,false,,,,,,true,,,,,,,,,,,,,,,,,,,,,,,,,,,,,,,,,true,,,,,,,,,,,,,,,,,,,,,,,,,,,,,,,,,,,,,,,,,,,,,,,,,,,,,,,,,,,,,,,,
130,905,275,0,630,0,0,0,0,0,633808320040884591,Loft in Barranquilla,01/18/25 - 01/21/25,247,87,48,4.84,4.84 (50),16,https://www.airbnb.com/rooms/633808320040884591?check_in=2025-01-19&check_out=2025-01-22&guests=1&adults=1,77,3,230,0.9311740890688259,17,0,17,0.06882591093117409,,true,true,true,true,true,true,,,,,,true,true,,,true,,,,,true,,,,,,,,,,,,,,,,,,,true,true,,,,,,,,,,,,,,,,,,,,,,,,,,,,,,,,,,,,,,,,,,,,,,,,,,,,,,,,,,,,,,,,,,,,,,,,,,,,
131,905,295,0,610,0,0,0,0,0,11011357,Apartment in Riomar,01/18/25 - 01/21/25,236,83,39,4.8,4.8 (147),20,https://www.airbnb.com/rooms/11011357?check_in=2025-01-19&check_out=2025-01-22&guests=1&adults=1,62,3,185,0.7838983050847458,18,33,51,0.21610169491525424,,true,true,true,,true,true,,,,,,,true,false,,true,,,,,true,,,,,,,,,,,,,,,,,,,,,,,,,,,,,,,,,,,,,,,,,,,,,,,,,,,,,,,,,,,,,,,,,,,,,,,,,,,,,,,,,,,true,true,true,,,,,,,,,,,
132,900,225,0,675,0,0,0,0,0,53341810,Apartment in Riomar,01/18/25 - 01/21/25,323,97,52,4.93,4.93 (28),7,https://www.airbnb.com/rooms/53341810?check_in=2025-01-19&check_out=2025-01-22&guests=1&adults=1,90,3,270,0.8359133126934984,13,40,53,0.16408668730650156,,true,true,true,true,true,true,,true,,,,,true,,,,,,,,true,,,,,,,,,,,,,,,,,,,,,,true,,,,,,,,,,,,,,,,,,,,,,,true,true,,,,,,,,,,,,,,,,,,,,,,,,,,,,,,,,,,,,,,,,,,,,,,,,,,
133,895,320,0,575,0,0,0,0,0,758690587116774662,Condo in Riomar,01/18/25 - 01/21/25,217,78,35,4.73,4.73 (44),27,https://www.airbnb.com/rooms/758690587116774662?check_in=2025-01-19&check_out=2025-01-22&guests=1&adults=1,55,3,165,0.7603686635944701,25,27,52,0.23963133640552994,,,,true,,true,true,,,,,,,true,false,,true,,,,,,,,,,,,,true,,,,,,,,,,,,,,,,,,,,,,,,,,,,,,,,,,,,,,,,,,,,,,,,,,,,,,,,,,,,,,,,,,,,,,,,,,,,,,,,,,true,true,true,,,,
134,885,215,0,670,0,0,0,0,0,24118152,Condo in Riomar,01/18/25 - 01/21/25,342,99,53,4.92,4.92 (116),8,https://www.airbnb.com/rooms/24118152?check_in=2025-01-19&check_out=2025-01-22&guests=1&adults=1,92,3,276,0.8070175438596491,18,48,66,0.19298245614035087,,true,true,true,true,,,,true,true,,,,true,false,,,,,,,true,false,,,,,,,,,,,,true,,,,,,,,,,,,,,,,,,,,,,,,,,,,,,,,,,true,,,,,,,,,,,,,,,,,,,,,,,,,,,,,,,,,,,,,,,,,,,,,,,,,
135,885,255,0,630,0,0,0,0,0,54356634,Home in Barranquilla,01/18/25 - 01/21/25,264,91,47,4.84,4.84 (61),16,https://www.airbnb.com/rooms/54356634?check_in=2025-01-19&check_out=2025-01-22&guests=1&adults=1,76,3,227,0.8598484848484849,0,37,37,0.14015151515151514,7 beds,true,true,true,true,true,true,,,,,,,,false,,,,,,,,false,,,,,,,,,,,,,,,,,,,,,,,true,,,,,,,,,,,,,,,,,,,,,,,,,,,,,,,,,,,,,,,,,true,true,true,,,,,,,,,,,,,,,,,,,,,,,,,,,,,
136,875,210,0,665,0,0,0,0,0,568708823224832287,Home in Barranquilla,01/18/25 - 01/21/25,347,100,53,4.91,4.91 (35),9,https://www.airbnb.com/rooms/568708823224832287?check_in=2025-01-19&check_out=2025-01-22&guests=1&adults=1,92,3,276,0.7953890489913544,22,49,71,0.20461095100864554,,true,,,,,,,,,,,,,,,,,,,,,,,,,,,,,,,,,,,,,,,,,,,,,,,,,,,,,,,,,,,,,,,,,,,,,,,,,,,,,,,,,,,,,,,,,,,,,,,,,,,,,,,,,,,,,,,,,,,,
137,870,315,0,555,0,0,0,0,0,873936726871335738,Apartment in Barranquilla,01/18/25 - 01/21/25,218,79,42,4.66,4.66 (41),31,https://www.airbnb.com/rooms/873936726871335738?check_in=2025-01-19&check_out=2025-01-22&guests=1&adults=1,67,3,200,0.9174311926605505,18,0,18,0.08256880733944955,,,,true,true,true,,true,true,,,,true,true,,,,,,,true,true,false,,,,,,,,,,,,,,,,,,,,,,,,,,,,,,,,,,,,,,,,,,,,,,,,,,true,,,,,,,,,,,,,,,,,,,,,,,,,,,,,,,,,,,,,,,,,,,,,
138,865,220,0,645,0,0,0,0,0,32043145,Condo in Riomar,01/18/25 - 01/21/25,325,98,52,4.87,4.87 (55),13,https://www.airbnb.com/rooms/32043145?check_in=2025-01-19&check_out=2025-01-22&guests=1&adults=1,90,3,270,0.8307692307692308,15,40,55,0.16923076923076924,,true,true,true,true,,,,,,,,,,false,,true,,,,,true,false,,,,,,true,,,,,,,,,,,,,true,,,,,,,,,,,,,,,,,,,true,,,,,,,,,,,,,,,,,,,,,,true,,,,,,,,,,,,,,,,,,,,,,,,,,,,,,,,,,,
139,850,240,0,610,0,0,0,0,0,955869233304026885,Apartment in Riomar,01/18/25 - 01/21/25,280,94,46,4.8,4.8 (20),20,https://www.airbnb.com/rooms/955869233304026885?check_in=2025-01-19&check_out=2025-01-22&guests=1&adults=1,75,3,225,0.8035714285714286,20,35,55,0.19642857142857142,3 beds,true,true,true,true,true,true,,,,,,true,true,false,,true,,,,,,false,,,,,,,,,,,,,,,,,,,,,,,,,,,,,,,,,,,,,,,,,,,,,,,,,,,,,,,,,,,,,,,,,,,,,,,,,,,,,,,,,,,,,true,,,,,,,,,,
140,835,230,0,605,0,0,0,0,0,39207577,Apartment in Barranquilla,01/18/25 - 01/21/25,318,96,51,4.79,4.79 (39),21,https://www.airbnb.com/rooms/39207577?check_in=2025-01-19&check_out=2025-01-22&guests=1&adults=1,87,3,262,0.8238993710691824,11,45,56,0.1761006289308176,2 beds,,,,,,,,,,,,,,,,,,,,,,,,,,,,,,,,,,,,,,,,,,,,,,,,,,,,,,,,,,,,,,,,,,,,,,,,,,,,,,,,,,,,,,,,,,,,,,,,,,,,,,,,,,,,,,,,,,,,,
141,830,205,0,625,0,0,0,0,0,753634281548222790,Condo in Villa Carolina,01/18/25 - 01/21/25,371,101,54,4.83,4.83 (23),17,https://www.airbnb.com/rooms/753634281548222790?check_in=2025-01-19&check_out=2025-01-22&guests=1&adults=1,100,3,300,0.8086253369272237,25,46,71,0.19137466307277629,,,,true,true,,,,,,,,,true,,,true,,,,,true,,,,,,,,,,true,,,,,,,,,,,,,,true,,,,,,,,,,,,,,,,,,,,,,,,,,,,,,,,,,,,,,,,,true,,,,,,,true,true,,,,,,,,,,,,,,,,,,,,,,,