rank,totalRankScore,totalPriceRankScore,nightlyRateScore,reviewRankScore,rareFindScore,acScore,wifiScore,guestFavoriteScore,superhostScore,id,title,dates,totalPrice,totalPriceRank,nightlyRateRank,reviewScore,reviewScoreString,reviewScoreRank,url,nightlyRateDisplay,nights,nightlyTotalDisplay,nightlyTotalDisplayPercent,cleaningFee,airbnbFee,feeTotal,feePercent,beds,Guest favorite,guest_favorite,Kitchen,Wifi,Dedicated workspace,Free street parking,Pets allowed,TV,Washer,Air conditioning,Carbon monoxide alarm,Smoke alarm,Free dryer – In building,Exterior security cameras on property,City skyline view,Free parking on premises,Pool,Hot tub,Park view,Elevator,Free washer – In unit,Refrigerator,Mountain view,Fast wifi – 228 Mbps,55 inch HDTV with Fire TV,AC - split type ductless system,Shared hot tub - available all year, open specific hours,Paid washer – In building,Free dryer – In unit,Garden view,Fast wifi – 308 Mbps,Free residential garage on premises,Shared outdoor pool - available all year, open specific hours, rooftop,Sauna,Superhost,Shared outdoor pool - available all year, open specific hours,Shared sauna,Fast wifi – 146 Mbps,Paid dryer – In building,Luggage dropoff allowed,Crib,32 inch HDTV,Fast wifi – 340 Mbps,50 inch HDTV with Netflix, Amazon Prime Video,Private patio or balcony,Fast wifi – 306 Mbps,Patio or balcony,Courtyard view,32 inch HDTV with Netflix, standard cable,Shared patio or balcony,Microwave,Free residential garage on premises – 1 space,55 inch HDTV with premium cable,55 inch HDTV with Disney+, Netflix, standard cable,Free parking garage on premises – 2 spaces,43 inch HDTV with Amazon Prime Video, Apple TV, Disney+, HBO Max, Netflix, premium cable,Fast wifi – 193 Mbps,Fast wifi – 202 Mbps,TV with standard cable,Private hot tub,49 inch HDTV with standard cable,Fast wifi – 167 Mbps,Private hot tub - available all year, open specific hours,49 inch HDTV,HDTV with Netflix, Roku,TV with Netflix,Window AC unit,Private backyard – Fully fenced,Free parking garage on premises – 4 spaces,HDTV with Netflix,Fast wifi – 329 Mbps,Shared pool - available all year, open specific hours, infinity,Central air conditioning,Fast wifi – 138 Mbps,Fast wifi – 147 Mbps,Free carport on premises – 1 space,55 inch HDTV with Netflix, premium cable,Portable air conditioning,Bathtub,Fast wifi – 279 Mbps,HDTV with Netflix, Amazon Prime Video,Fast wifi – 263 Mbps,43 inch TV with Fire TV,Fast wifi – 143 Mbps,Pack ’n play/Travel crib,Hair dryer,Fast wifi – 258 Mbps,32 inch HDTV with Amazon Prime Video, Apple TV, Disney+, Netflix,43 inch HDTV with standard cable,Fast wifi – 332 Mbps,55 inch HDTV with Chromecast,Fast wifi – 276 Mbps,Shared outdoor pool - available all year, open specific hours, infinity,Fast wifi – 163 Mbps,Shared indoor pool - available all year, open specific hours, rooftop,Fast wifi – 365 Mbps,Free parking garage on premises – 1 space,Fast wifi – 171 Mbps,Fast wifi – 155 Mbps,Dryer,Private backyard,43 inch HDTV with Netflix,Shared pool - available all year,55 inch HDTV with Netflix,HDTV,Backyard,Fast wifi – 295 Mbps,32 inch HDTV with premium cable, standard cable,EV charger,Long term stays allowed,Shared hot tub,Smoking allowed
1,1530,760,0,770,0,0,0,0,0,1043575767602947461,Apartment in Cali,01/18/25 - 01/21/25,56,3,4,5,5.0 (28),1,https://www.airbnb.com/rooms/1043575767602947461?check_in=2025-01-19&check_out=2025-01-22&guests=1&adults=1,16,3,48,0.8571428571428571,0,8,8,0.14285714285714285,,true,,,,,,,,,,,,,,,,,,,,,,,,,,,,,,,,,,,,,,,,,,,,,,,,,,,,,,,,,,,,,,,,,,,,,,,,,,,,,,,,,,,,,,,,,,,,,,,,,,,,,,,,,,,,,,,
2,1500,730,0,770,0,0,0,0,0,1057585367227669188,Apartment in Miraflores,01/18/25 - 01/21/25,71,9,10,5,5.0 (10),1,https://www.airbnb.com/rooms/1057585367227669188?check_in=2025-01-19&check_out=2025-01-22&guests=1&adults=1,23,3,69,0.971830985915493,2,0,2,0.028169014084507043,,true,,,,,,,,,,,,,,,,,,,,,,,,,,,,,,,,,,,,,,,,,,,,,,,,,,,,,,,,,,,,,,,,,,,,,,,,,,,,,,,,,,,,,,,,,,,,,,,,,,,,,,,,,,,,,,,
3,1500,745,0,755,0,0,0,0,0,1037313796305771919,Apartment in Cali,01/18/25 - 01/21/25,65,6,6,4.97,4.97 (35),4,https://www.airbnb.com/rooms/1037313796305771919?check_in=2025-01-19&check_out=2025-01-22&guests=1&adults=1,19,3,57,0.8769230769230769,0,8,8,0.12307692307692308,4 beds,true,true,true,true,true,,true,,true,,false,false,,,,,,,,,,,true,,,,,,,,,,,,,,,,,true,,,,,,,true,,,,,,,,,,,,,,,,,,,,,,,,,,,,,,,,,,,,,,,,,,,,,,,,,,,,,,,,,,,,,,,,,
4,1495,740,0,755,0,0,0,0,0,1107291375309479034,Apartment in Cali,01/18/25 - 01/21/25,66,7,6,4.97,4.97 (33),4,https://www.airbnb.com/rooms/1107291375309479034?check_in=2025-01-19&check_out=2025-01-22&guests=1&adults=1,19,3,57,0.8636363636363636,0,9,9,0.13636363636363635,,true,,,,,,,,,,,,,,,,,,,,,,,,,,,,,,,,,,,,,,,,,,,,,,,,,,,,,,,,,,,,,,,,,,,,,,,,,,,,,,,,,,,,,,,,,,,,,,,,,,,,,,,,,,,,,,,
5,1490,735,0,755,0,0,0,0,0,1039012420731800160,Apartment in Cali,01/18/25 - 01/21/25,69,8,7,4.97,4.97 (33),4,https://www.airbnb.com/rooms/1039012420731800160?check_in=2025-01-19&check_out=2025-01-22&guests=1&adults=1,20,3,59,0.855072463768116,0,10,10,0.14492753623188406,,true,,,,,,,,,,,,,,,,,,,,,,,,,,,,,,,,,,,,,,,,,,,,,,,,,,,,,,,,,,,,,,,,,,,,,,,,,,,,,,,,,,,,,,,,,,,,,,,,,,,,,,,,,,,,,,,
6,1490,750,0,740,0,0,0,0,0,1090817069903677123,Apartment in Cali,01/18/25 - 01/21/25,64,5,5,4.94,4.94 (53),7,https://www.airbnb.com/rooms/1090817069903677123?check_in=2025-01-19&check_out=2025-01-22&guests=1&adults=1,18,3,55,0.859375,0,9,9,0.140625,,true,true,true,true,true,,true,,,true,false,false,,true,,,,,,,,,,,,,,,,,,,,,,,,,,true,,,,,,,,,,,,,,,,,,,,,,,,,true,,,,,,,,,,,,,,,,,,,,,,,,,,,,,,,,,,,,,,,,,,,,,,,
7,1475,735,0,740,0,0,0,0,0,1060099981375982790,Apartment in Cali,01/18/25 - 01/21/25,69,8,7,4.94,4.94 (16),7,https://www.airbnb.com/rooms/1060099981375982790?check_in=2025-01-19&check_out=2025-01-22&guests=1&adults=1,20,3,59,0.855072463768116,0,10,10,0.14492753623188406,,true,,,,,,,,,,,,,,,,,,,,,,,,,,,,,,,,,,,,,,,,,,,,,,,,,,,,,,,,,,,,,,,,,,,,,,,,,,,,,,,,,,,,,,,,,,,,,,,,,,,,,,,,,,,,,,,
8,1455,695,0,760,0,0,0,0,0,847102937447720750,Apartment in Cali,01/18/25 - 01/21/25,87,16,9,4.98,4.98 (47),3,https://www.airbnb.com/rooms/847102937447720750?check_in=2025-01-19&check_out=2025-01-22&guests=1&adults=1,22,3,67,0.7701149425287356,8,12,20,0.22988505747126436,,true,true,true,true,true,,,,,,false,false,,true,true,,,,,,true,,true,,,,,,,,,,,,,,,,,,,true,,,,,,,,,,,,,,,,,,,,,,,,,,,,,,,,,,,,,,,,,,,,,,,,,,,,,,,,,,,,,,,,,,,,,,
9,1450,750,0,700,0,0,0,0,0,824496310641824427,Apartment in Cali,01/18/25 - 01/21/25,64,5,6,4.86,4.86 (35),15,https://www.airbnb.com/rooms/824496310641824427?check_in=2025-01-19&check_out=2025-01-22&guests=1&adults=1,19,3,56,0.875,8,0,8,0.125,,true,true,true,true,true,,,true,,,false,false,,,,,,,,,true,true,,,,true,,,,,,,,,,,,,,true,,,,,,,,,,,,,,,,,,,,,,,,,,,,,,,,,,,,,,,,,,,,,,,,,,,,,,,,,,,,,,,,,,,,,,,,
10,1445,675,0,770,0,0,0,0,0,1087864961001781014,Apartment in Cali,01/18/25 - 01/21/25,92,20,13,5,5.0 (28),1,https://www.airbnb.com/rooms/1087864961001781014?check_in=2025-01-19&check_out=2025-01-22&guests=1&adults=1,26,3,79,0.8586956521739131,0,13,13,0.14130434782608695,,true,true,true,true,true,true,true,true,true,true,false,false,,,,,,,,,,,,,,,,,,,,,,,,,,,,,,,,,,,,,,,,,,,,,,,,,,,,,,,,,,,,,,,,,,,,,,,,,,,,,,,,,,,,,,,,,,,,,,,,,,,,
11,1445,675,0,770,0,0,0,0,0,1113696828548151463,Apartment in Cali,01/18/25 - 01/21/25,92,20,15,5,5.0 (10),1,https://www.airbnb.com/rooms/1113696828548151463?check_in=2025-01-19&check_out=2025-01-22&guests=1&adults=1,28,3,83,0.9021739130434783,9,0,9,0.09782608695652174,,true,true,true,true,true,,,true,true,true,false,false,true,true,,,,,,,,,,,,,,,,,,,,,,,,,,,,,,,,,,,,,,,,,,,,,,,,,,,,,,,,,,,,,,,,,,,,,,,,,,,,,,,,,,,,,,,,,,,,,,,,,,
12,1445,715,0,730,0,0,0,0,0,728097392257633621,Apartment in Cali,01/18/25 - 01/21/25,79,12,8,4.92,4.92 (64),9,https://www.airbnb.com/rooms/728097392257633621?check_in=2025-01-19&check_out=2025-01-22&guests=1&adults=1,21,3,62,0.7848101265822784,6,11,17,0.21518987341772153,3 beds,true,true,true,true,true,,,,,,false,,,true,,,,,,true,true,,,,,,,,,,,,,,,,,,,,,,,,,,,true,,,,,,,,,,,,,,,,,,,,,,,,,,,,true,true,,,,,,,,,,,,,,,,,,,,,,,,,,,,,,,,,,,
13,1440,670,0,770,0,0,0,0,0,1091457125226394800,Apartment in Cali,01/18/25 - 01/21/25,94,21,9,5,5.0 (13),1,https://www.airbnb.com/rooms/1091457125226394800?check_in=2025-01-19&check_out=2025-01-22&guests=1&adults=1,22,3,65,0.6914893617021277,16,13,29,0.30851063829787234,,true,true,true,true,true,true,true,true,,,false,false,,true,true,,,,,,,,,,,,,,,,,,,,,,,,,,,,,,,,,,,,,,,,,,,,,,,,,,,,,,,,,,,,,,,,,,,,,,,,,,,,,,,,,,,,,,,,,,,,,,,,,
14,1440,685,0,755,0,0,0,0,0,12778446,Apartment in Cali,01/18/25 - 01/21/25,89,18,13,4.97,4.97 (62),4,https://www.airbnb.com/rooms/12778446?check_in=2025-01-19&check_out=2025-01-22&guests=1&adults=1,26,3,78,0.8764044943820225,0,11,11,0.12359550561797752,,true,true,true,true,,,,,,,,,,true,,,,,,,,true,,,,true,,,,,,,,,,,,,,true,,,,,,,,true,true,true,true,,,,,,,,,,,,,,,,,,,,,,,,,,,,,,,,,,,,,,,,,,,,,,,,,,,,,,,,,,,,,
15,1440,710,0,730,0,0,0,0,0,858874445459961153,Apartment in Yumbo,01/18/25 - 01/21/25,83,13,8,4.92,4.92 (103),9,https://www.airbnb.com/rooms/858874445459961153?check_in=2025-01-19&check_out=2025-01-22&guests=1&adults=1,21,3,62,0.7469879518072289,9,12,21,0.25301204819277107,3 beds,true,,,,,,,,,,,,,,,,,,,,,,,,,,,,,,,,,,,,,,,,,,,,,,,,,,,,,,,,,,,,,,,,,,,,,,,,,,,,,,,,,,,,,,,,,,,,,,,,,,,,,,,,,,,,,,,
16,1435,705,0,730,0,0,0,0,0,1128498134323948002,Apartment in Cali,01/18/25 - 01/21/25,84,14,8,4.92,4.92 (25),9,https://www.airbnb.com/rooms/1128498134323948002?check_in=2025-01-19&check_out=2025-01-22&guests=1&adults=1,21,3,62,0.7380952380952381,10,12,22,0.2619047619047619,,true,true,true,true,true,true,,true,true,true,false,false,,true,,,,,,,,,,,,,,,,,,,,,,,,,,,,,,,,,,,,,,,,,,,,,,,,,,,,,,,,,,,,,,,,,,,,,,,,,,,,,,,,,,,,,,,,,,,,,,,,,,
17,1435,720,0,715,0,0,0,0,0,48377197,Apartment in Cali,01/18/25 - 01/21/25,78,11,9,4.89,4.89 (84),12,https://www.airbnb.com/rooms/48377197?check_in=2025-01-19&check_out=2025-01-22&guests=1&adults=1,22,3,65,0.8333333333333334,2,11,13,0.16666666666666666,1 queen bed,,,,,,,,,,,,,,,,,,,,,,,,,,,,,,,,,,,,,,,,,,,,,,,,,,,,,,,,,,,,,,,,,,,,,,,,,,,,,,,,,,,,,,,,,,,,,,,,,,,,,,,,,,,,,,,,
18,1430,685,0,745,0,0,0,0,0,568737312361214305,Apartment in Cali,01/18/25 - 01/21/25,89,18,13,4.95,4.95 (39),6,https://www.airbnb.com/rooms/568737312361214305?check_in=2025-01-19&check_out=2025-01-22&guests=1&adults=1,26,3,78,0.8764044943820225,0,11,11,0.12359550561797752,,true,true,true,true,true,,,,,,,,,true,true,,,,true,,,,,,,true,,,,,,,,,,,,,,true,,,,,,,,,true,true,,,,,,,,,,,,,,,,,,,,,,,,,,,,,,,,,,,,,,,,,,,,,,,,,,,,,,,,,,,,,,
19,1430,750,0,680,0,0,0,0,0,774837936562258434,Apartment in Cali,01/18/25 - 01/21/25,64,5,3,4.8,4.8 (30),19,https://www.airbnb.com/rooms/774837936562258434?check_in=2025-01-19&check_out=2025-01-22&guests=1&adults=1,14,3,42,0.65625,13,9,22,0.34375,,,,,,,,,,,,,,,,,,,,,,,,,,,,,,,,,,,,true,,,,,,,,,,,,,,,,,,,,,,,,,,,,,,,,,,,,,,,,,,,,,,,,,,,,,,,,,,,,,,,,,,,,,,,,,,,,,
20,1425,690,0,735,0,0,0,0,0,1051326634053195077,Apartment in Cali,01/18/25 - 01/21/25,88,17,10,4.93,4.93 (29),8,https://www.airbnb.com/rooms/1051326634053195077?check_in=2025-01-19&check_out=2025-01-22&guests=1&adults=1,23,3,69,0.7840909090909091,7,12,19,0.2159090909090909,,true,true,true,true,true,,,true,,,false,false,,true,true,,,,,,,,,,,,,true,,,,,,,,,,,true,,,,,,,,,,,,,,,,,,,,,,,,,,,,,,,,,,,,,,,,,,,,,,,,,,,,,,,,,,,,,,,,,,,,,,,,,
21,1420,665,0,755,0,0,0,0,0,853606173490366621,Apartment in Cali,01/18/25 - 01/21/25,95,22,14,4.97,4.97 (35),4,https://www.airbnb.com/rooms/853606173490366621?check_in=2025-01-19&check_out=2025-01-22&guests=1&adults=1,27,3,81,0.8526315789473684,14,0,14,0.14736842105263157,2 beds,true,,,,,,,,,,,,,,,,,,,,,,,,,,,,,,,,,,,,,,,,,,,,,,,,,,,,,,,,,,,,,,,,,,,,,,,,,,,,,,,,,,,,,,,,,,,,,,,,,,,,,,,,,,,,,,,
22,1420,680,0,740,0,0,0,0,0,732631458817080001,Vacation home in Cali,01/18/25 - 01/21/25,90,19,6,4.94,4.94 (51),7,https://www.airbnb.com/rooms/732631458817080001?check_in=2025-01-19&check_out=2025-01-22&guests=1&adults=1,19,3,56,0.6222222222222222,21,13,34,0.37777777777777777,2 beds,true,,,,,,,,,,,,,,,,,,,,,,,,,,,,,,,,,,,,,,,,,,,,,,,,,,,,,,,,,,,,,,,,,,,,,,,,,,,,,,,,,,,,,,,,,,,,,,,,,,,,,,,,,,,,,,,
23,1415,680,0,735,0,0,0,0,0,1087896995062589334,Loft in  Cali,01/18/25 - 01/21/25,90,19,11,4.93,4.93 (73),8,https://www.airbnb.com/rooms/1087896995062589334?check_in=2025-01-19&check_out=2025-01-22&guests=1&adults=1,24,3,72,0.8,5,13,18,0.2,,true,true,true,true,,,,true,,,false,false,,true,,,,,,,,,,,,,,true,,,,,,,,,,,true,,,,,,,,true,,,,,,,,,,,,,,,,,,,,,,,,,,true,,,,,,,,,,,,,,,,,,,,,,,,,,,,,,,,,,,,,,,
24,1415,755,0,660,0,0,0,0,0,48979240,Loft in Cali,01/18/25 - 01/21/25,60,4,4,4.75,4.75 (83),23,https://www.airbnb.com/rooms/48979240?check_in=2025-01-19&check_out=2025-01-22&guests=1&adults=1,16,3,47,0.7833333333333333,5,8,13,0.21666666666666667,1 double bed,,,true,true,true,,true,true,true,,false,false,,,,,,,,,,true,,,,,,,,,,,,,true,,,,,,,,,,,,,,,,,,,,,,,,,,,,,,,,,,,,,,,,,,,,,,,,,,,true,,,,,,,,,,,,,,,,,,,,,,,,,,
25,1410,640,0,770,0,0,0,0,0,1233422310677559044,Apartment in Cali,01/18/25 - 01/21/25,104,27,14,5,5.0 (14),1,https://www.airbnb.com/rooms/1233422310677559044?check_in=2025-01-19&check_out=2025-01-22&guests=1&adults=1,27,3,81,0.7788461538461539,8,15,23,0.22115384615384615,1 bed,true,true,true,true,true,,,true,,true,false,,,,,true,true,,,,,,,,,,,,,,,,,,,,,,,,,,,,,,,,,,,,,,,,,,,,,,,,,,,,,,,,,,,,,,,,,,,,,,,,,,,,,,,,,,,,,,,,,,,,,,,
26,1410,685,0,725,0,0,0,0,0,49034861,Apartment in Cali,01/18/25 - 01/21/25,89,18,12,4.91,4.91 (22),10,https://www.airbnb.com/rooms/49034861?check_in=2025-01-19&check_out=2025-01-22&guests=1&adults=1,25,3,94,1.0561797752808988,14,0,14,0.15730337078651685,1 queen bed,true,true,true,true,true,,,,,,false,,,true,,,,,,,true,,,,,true,,,true,,,,,,,,,,,,,,,,,,,,,true,,,,,,,,,,,,,,,,,,,,,,,,,,,,,,,true,,,,,,,,,,,,,,,,,,,,,,,,,,,,,,,
27,1410,745,0,665,0,0,0,0,0,32737491,Loft in Juanambú,01/18/25 - 01/21/25,65,6,6,4.77,4.77 (164),22,https://www.airbnb.com/rooms/32737491?check_in=2025-01-19&check_out=2025-01-22&guests=1&adults=1,19,3,56,0.8615384615384616,0,9,9,0.13846153846153847,2 beds,true,,,,,,,,,,,,,,,,,,,,,,,,,,,,,,,,,,,,,,,,,,,,,,,,,,,,,,,,,,,,,,,,,,,,,,,,,,,,,,,,,,,,,,,,,,,,,,,,,,,,,,,,,,,,,,,
28,1405,635,0,770,0,0,0,0,0,1310457731531322966,Apartment in Cali,01/18/25 - 01/21/25,105,28,19,5,5.0 (4),1,https://www.airbnb.com/rooms/1310457731531322966?check_in=2025-01-19&check_out=2025-01-22&guests=1&adults=1,32,3,95,0.9047619047619048,10,0,10,0.09523809523809523,2 beds,,,true,true,true,,true,true,,,false,false,,,,true,true,true,,,,,,,,,,,,,,,,,,,,,,,,,,,,,,,,,,,,,,,,,,,,,,,,,,,,,,,,,,,,,,,,,,,,,,,,,,,,,,,,,,,,,,,,,,,,,,
29,1405,675,0,730,0,0,0,0,0,1160126908807696222,Loft in Cali,01/18/25 - 01/21/25,92,20,13,4.92,4.92 (24),9,https://www.airbnb.com/rooms/1160126908807696222?check_in=2025-01-19&check_out=2025-01-22&guests=1&adults=1,26,3,79,0.8586956521739131,0,13,13,0.14130434782608695,,true,true,true,true,,,,true,,,false,,,,,true,true,,,true,true,,true,,,,,,,,,,,,,,,,,,,,,,,,,,,,,,,,,,,,,,,,,,,,,,,,,,,,,,,true,,,,,,,,,,,,,,,,,,,,,,,,,,,,,,,,,,
30,1405,700,0,705,0,0,0,0,0,581757352310686048,Apartment in Cali,01/18/25 - 01/21/25,86,15,13,4.87,4.87 (55),14,https://www.airbnb.com/rooms/581757352310686048?check_in=2025-01-19&check_out=2025-01-22&guests=1&adults=1,26,3,79,0.9186046511627907,7,0,7,0.08139534883720931,,true,,,,,,,,,,,,,,,,,,,,,,,,,,,,,,,,,,,,,,,,,,,,,,,,,,,,,,,,,,,,,,,,,,,,,,,,,,,,,,,,,,,,,,,,,,,,,,,,,,,,,,,,,,,,,,,
31,1405,770,0,635,0,0,0,0,0,26469869,Apartment in Miraflores,01/18/25 - 01/21/25,37,1,1,4.68,4.68 (103),28,https://www.airbnb.com/rooms/26469869?check_in=2025-01-19&check_out=2025-01-22&guests=1&adults=1,11,3,47,1.2702702702702702,0,5,5,0.13513513513513514,,,,true,true,,true,,,,,,,,true,,,,,,,,true,,,,,,,,,,,,,,,,,,true,,,,,,,,,,,true,,,,,,,,,,,,,,,,,,,,,,,,,,,,,,,,,,,,,,,,,,,,,,,,,,,,,,,,,true,true,true,,
32,1390,655,0,735,0,0,0,0,0,11946670,Apartment in San Antonio,01/18/25 - 01/21/25,99,24,12,4.93,4.93 (146),8,https://www.airbnb.com/rooms/11946670?check_in=2025-01-19&check_out=2025-01-22&guests=1&adults=1,25,3,76,0.7676767676767676,9,14,23,0.23232323232323232,,true,,,,,,,,,,,,,,,,,,,,,,,,,,,,,,,,,,,,,,,,,,,,,,,,,,,,,,,,,,,,,,,,,,,,,,,,,,,,,,,,,,,,,,,,,,,,,,,,,,,,,,,,,,,,,,,
33,1390,665,0,725,0,0,0,0,0,858945091926961703,Apartment in Cali,01/18/25 - 01/21/25,95,22,18,4.91,4.91 (55),10,https://www.airbnb.com/rooms/858945091926961703?check_in=2025-01-19&check_out=2025-01-22&guests=1&adults=1,31,3,93,0.9789473684210527,2,0,2,0.021052631578947368,,true,,,,,,,,,,,,,,,,,,,,,,,,,,,,,,,,,,,,,,,,,,,,,,,,,,,,,,,,,,,,,,,,,,,,,,,,,,,,,,,,,,,,,,,,,,,,,,,,,,,,,,,,,,,,,,,
34,1385,615,0,770,0,0,0,0,0,786230048493447022,Condo in Cali,01/18/25 - 01/21/25,112,32,16,5,5.0 (25),1,https://www.airbnb.com/rooms/786230048493447022?check_in=2025-01-19&check_out=2025-01-22&guests=1&adults=1,29,3,87,0.7767857142857143,9,16,25,0.22321428571428573,2 beds,true,true,true,true,true,,,true,,true,false,false,,,,,,,true,true,true,,,,,,,,,,,,,,,,,,,,,,,,,,,,,,,,,,,,,,,,,,,,,,,,,,,,,,,,,,,,,,,,,,,,,,,,,,,,,,,,,,,,,,,,,,,
35,1385,730,0,655,0,0,0,0,0,567532430426152829,Apartment in Cali,01/18/25 - 01/21/25,71,9,4,4.74,4.74 (47),24,https://www.airbnb.com/rooms/567532430426152829?check_in=2025-01-19&check_out=2025-01-22&guests=1&adults=1,16,3,49,0.6901408450704225,13,9,22,0.30985915492957744,1 bed,true,true,true,true,true,,,,,,false,false,,true,,,,,,,true,true,,,,,,,,,,,,,,,,,,,,,,,,,,,,,,,,,,,,,,,,,,,,,,,,,,,,,,,,,,,,,,,,,,,,,,,,,,,,,,,,,,,true,true,,,,,,
36,1385,765,0,620,0,0,0,0,0,42205774,Apartment in Cali,01/18/25 - 01/21/25,45,2,2,4.58,4.58 (156),31,https://www.airbnb.com/rooms/42205774?check_in=2025-01-19&check_out=2025-01-22&guests=1&adults=1,13,3,40,0.8888888888888888,0,6,6,0.13333333333333333,3 beds,,,,,,,,,,,,,,,,,,,,,,,,,,,,,,,,,,,,,,,,,,,,,,,,,,,,,,,,,,,,,,,,,,,,,,,,,,,,,,,,,,,,,,,,,,,,,,,,,,,,,,,,,,,,,,,,
37,1380,625,0,755,0,0,0,0,0,680486354448824733,Loft in Prados del Norte,01/18/25 - 01/21/25,108,30,18,4.97,4.97 (115),4,https://www.airbnb.com/rooms/680486354448824733?check_in=2025-01-19&check_out=2025-01-22&guests=1&adults=1,31,3,93,0.8611111111111112,15,0,15,0.1388888888888889,,true,true,true,true,true,,true,,,,false,false,,,true,,,,,,,,true,,,,,,,,,,,,,,,,,,,,,,,,,,,,,true,true,,,,,,,,,,,,,,,,,,,,,,,,,,,,,,,,,,,,,,,,,,,,,,,,,,,,,,,,,,,
38,1380,645,0,735,0,0,0,0,0,44210828,Apartment in Versalles,01/18/25 - 01/21/25,102,26,15,4.93,4.93 (125),8,https://www.airbnb.com/rooms/44210828?check_in=2025-01-19&check_out=2025-01-22&guests=1&adults=1,28,3,85,0.8333333333333334,17,0,17,0.16666666666666666,,true,true,true,,true,,,true,,,false,,,true,,,,,,,,,,,,true,,true,,,,,,,,,,,true,true,,,,,,,,,,,,,,,,,,,,,,,,,,,,,,,,,,true,,,,,,,,,,,,,,,,,,,,,,,,,,,,,,,,,,,,,,
39,1380,650,0,730,0,0,0,0,0,1272398466946442727,Apartment in Cali,01/18/25 - 01/21/25,100,25,16,4.92,4.92 (12),9,https://www.airbnb.com/rooms/1272398466946442727?check_in=2025-01-19&check_out=2025-01-22&guests=1&adults=1,29,3,86,0.86,0,14,14,0.14,1 bed,true,true,true,true,,,,true,true,true,false,false,,,,,,,,true,,true,,,,,,,,,,,,,,,,,,,,,,,,,,,,,,,,,,,,,,,,,,,,,,,,,,,,,,,,,true,,,,,,,,,,,,,,,,,,,,,,,,,,,,,,,,,
40,1375,625,0,750,0,0,0,0,0,557351896480899470,Apartment in Granada,01/18/25 - 01/21/25,108,30,15,4.96,4.96 (67),5,https://www.airbnb.com/rooms/557351896480899470?check_in=2025-01-19&check_out=2025-01-22&guests=1&adults=1,28,3,83,0.7685185185185185,10,15,25,0.23148148148148148,,true,,,,,,,,,,,,,,,,,,,,,,,,,,,,,,,,,,,,,,,,,,,,,,,,,,,,,,,,,,,,,,,,,,,,,,,,,,,,,,,,,,,,,,,,,,,,,,,,,,,,,,,,,,,,,,,
41,1375,760,0,615,0,0,0,0,0,1080435454112746618,Apartment in Cali,01/18/25 - 01/21/25,56,3,4,4.57,4.57 (98),32,https://www.airbnb.com/rooms/1080435454112746618?check_in=2025-01-19&check_out=2025-01-22&guests=1&adults=1,16,3,48,0.8571428571428571,0,8,8,0.14285714285714285,,,,true,true,,,true,true,,true,false,false,,true,,true,,,,,,,,,,,,,,,,,,,,,,,,,,,,,,,,,,,,,,,,,,,,,,,,,,,,,,,,,,,,,,,,,,,,,,,,,,,,,,,,,,,,,,,,,,true,,,,,,
42,1365,625,0,740,0,0,0,0,0,22326345,Apartment in Cali,01/18/25 - 01/21/25,108,30,15,4.94,4.94 (179),7,https://www.airbnb.com/rooms/22326345?check_in=2025-01-19&check_out=2025-01-22&guests=1&adults=1,28,3,83,0.7685185185185185,10,15,25,0.23148148148148148,,true,true,true,true,true,,true,,,,,,,,,true,,,,,true,,,,,,,,,,,,,,,,,,,,,,,,true,,,,,,,,,,,,,,,,,,,,,true,true,true,,,,,,,,,,,,,,,,,,,,,,,,,,,,,,,,,,,,,,,,,,,,
43,1355,585,0,770,0,0,0,0,0,1221778633874493676,Apartment in Cali,01/18/25 - 01/21/25,122,38,19,5,5.0 (10),1,https://www.airbnb.com/rooms/1221778633874493676?check_in=2025-01-19&check_out=2025-01-22&guests=1&adults=1,32,3,104,0.8524590163934426,8,17,25,0.20491803278688525,,true,,,,,,,,,,,,,,,,,,,,,,,,,,,,,,,,,,,,,,,,,,,,,,,,,,,,,,,,,,,,,,,,,,,,,,,,,,,,,,,,,,,,,,,,,,,,,,,,,,,,,,,,,,,,,,,
44,1355,635,0,720,0,0,0,0,0,49034937,Apartment in Cali,01/18/25 - 01/21/25,105,28,17,4.9,4.9 (67),11,https://www.airbnb.com/rooms/49034937?check_in=2025-01-19&check_out=2025-01-22&guests=1&adults=1,30,3,172,1.638095238095238,14,0,14,0.13333333333333333,1 queen bed,true,,,,,,,,,,,,,,,,,,,,,,,,,,,,,,,,,,,,,,,,,,,,,,,,,,,,,,,,,,,,,,,,,,,,,,,,,,,,,,,,,,,,,,,,,,,,,,,,,,,,,,,,,,,,,,,
45,1350,710,0,640,0,0,0,0,0,1072427860026769922,Apartment in Cali,01/18/25 - 01/21/25,83,13,10,4.69,4.69 (16),27,https://www.airbnb.com/rooms/1072427860026769922?check_in=2025-01-19&check_out=2025-01-22&guests=1&adults=1,23,3,68,0.8192771084337349,3,12,15,0.18072289156626506,,,,true,true,,,true,true,true,,false,false,,,,true,,,,,,true,,,,,,,,,,,,,,,,,,,,,,,,,,,,,true,,,,,,,,,,,,,,,,,,,,,,,,,,,,,,,,,,,,,,,,,,,,,,,,,,,,,,,,,,,,,
46,1345,595,0,750,0,0,0,0,0,1255799502773466212,Apartment in El Ingenio,01/18/25 - 01/21/25,120,36,20,4.96,4.96 (26),5,https://www.airbnb.com/rooms/1255799502773466212?check_in=2025-01-19&check_out=2025-01-22&guests=1&adults=1,34,3,103,0.8583333333333333,0,17,17,0.14166666666666666,,true,,,,,,,,,,,,,,,,,,,,,,,,,,,,,,,,,,,,,,,,,,,,,,,,,,,,,,,,,,,,,,,,,,,,,,,,,,,,,,,,,,,,,,,,,,,,,,,,,,,,,,,,,,,,,,,
47,1345,635,0,710,0,0,0,0,0,44248904,Apartment in Cali,01/18/25 - 01/21/25,105,28,16,4.88,4.88 (192),13,https://www.airbnb.com/rooms/44248904?check_in=2025-01-19&check_out=2025-01-22&guests=1&adults=1,29,3,88,0.8380952380952381,17,0,17,0.1619047619047619,,true,,,,,,,,,,,,,,,,,,,,,,,,,,,,,,,,,,,,,,,,,,,,,,,,,,,,,,,,,,,,,,,,,,,,,,,,,,,,,,,,,,,,,,,,,,,,,,,,,,,,,,,,,,,,,,,
48,1345,675,0,670,0,0,0,0,0,902837057597678276,Apartment in Cali,01/18/25 - 01/21/25,92,20,11,4.78,4.78 (59),21,https://www.airbnb.com/rooms/902837057597678276?check_in=2025-01-19&check_out=2025-01-22&guests=1&adults=1,24,3,72,0.782608695652174,7,13,20,0.21739130434782608,,true,true,true,true,true,,true,true,,true,false,false,,,,,,,,,true,,,,,,,,,,,,,,,,,,,,,,,,true,,,,,,,,,,,,,,,,,,,,,,,,,,,,,,,,,,,,,,,,,,,,,,,,,,,,,,,,,,,,,,,,,,,
49,1345,685,0,660,0,0,0,0,0,51717585,Loft in Cali,01/18/25 - 01/21/25,89,18,12,4.75,4.75 (171),23,https://www.airbnb.com/rooms/51717585?check_in=2025-01-19&check_out=2025-01-22&guests=1&adults=1,25,3,75,0.8426966292134831,14,0,14,0.15730337078651685,2 beds,,,,,,,,,,,,,,,,,,,,,,,,,,,,,,,,,,,,,,,,,,,,,,,,,,,,,,,,,,,,,,,,,,,,,,,,,,,,,,,,,,,,,,,,,,,,,,,,,,,,,,,,,,,,,,,,
50,1340,570,0,770,0,0,0,0,0,1144406324535439443,Apartment in Cali,01/18/25 - 01/21/25,129,41,20,5,5.0 (11),1,https://www.airbnb.com/rooms/1144406324535439443?check_in=2025-01-19&check_out=2025-01-22&guests=1&adults=1,34,3,102,0.7906976744186046,9,18,27,0.20930232558139536,,true,true,true,true,true,,,true,,,false,false,,,,,,,,,,true,,,,,,,,,,,,,,,,,,,,,,,,,,,,,,,,,,,,,,,,,,,,,,,,,,,,,,,,,,,,,,,,,,,,,,,,,,,,,,,,,,,,,,,,,,
51,1340,600,0,740,0,0,0,0,0,31718287,Apartment in Cali,01/18/25 - 01/21/25,116,35,15,4.94,4.94 (126),7,https://www.airbnb.com/rooms/31718287?check_in=2025-01-19&check_out=2025-01-22&guests=1&adults=1,28,3,83,0.7155172413793104,17,16,33,0.28448275862068967,2 beds,true,,,,,,,,,,,,,,,,,,,,,,,,,,,,,,,,,,,,,,,,,,,,,,,,,,,,,,,,,,,,,,,,,,,,,,,,,,,,,,,,,,,,,,,,,,,,,,,,,,,,,,,,,,,,,,,
52,1340,660,0,680,0,0,0,0,0,54313989,Vacation home in Cali,01/18/25 - 01/21/25,98,23,15,4.8,4.8 (98),19,https://www.airbnb.com/rooms/54313989?check_in=2025-01-19&check_out=2025-01-22&guests=1&adults=1,28,3,84,0.8571428571428571,14,0,14,0.14285714285714285,1 queen bed,,,,,,,,,,,,,,,,,,,,,,,,,,,,,,,,,,,,,,,,,,,,,,,,,,,,,,,,,,,,,,,,,,,,,,,,,,,,,,,,,,,,,,,,,,,,,,,,,,,,,,,,,,,,,,,,
53,1335,590,0,745,0,0,0,0,0,1118382276663651569,Apartment in Cali,01/18/25 - 01/21/25,121,37,18,4.95,4.95 (44),6,https://www.airbnb.com/rooms/1118382276663651569?check_in=2025-01-19&check_out=2025-01-22&guests=1&adults=1,31,3,93,0.768595041322314,11,17,28,0.23140495867768596,,true,true,true,true,true,,true,true,true,true,false,,,true,,,,,,,,true,,,,,,,,,,,,,,,,,,,,,,,,,,,,,,,,,,,,,,,,,,,,,,,,,,,,,,,,,,,,,,,,,,,,,,,,,,,,,,,,,,,,,,,,,,
54,1335,610,0,725,0,0,0,0,0,788618267029488699,Apartment in Granada,01/18/25 - 01/21/25,113,33,17,4.91,4.91 (56),10,https://www.airbnb.com/rooms/788618267029488699?check_in=2025-01-19&check_out=2025-01-22&guests=1&adults=1,30,3,90,0.7964601769911505,7,16,23,0.20353982300884957,,true,true,true,,true,true,,,,,false,false,,true,,,,,,,,,true,,,true,,,,,,,,,,,,,,,,,,,,,,,,,,,,,,,,,,,,,,,,,,,,,,,,,,,,,,,,true,true,,,,,,,,,,,,,,,,,,,,,,,,,,,,,
55,1335,610,0,725,0,0,0,0,0,1055040314285666381,Apartment in Cali,01/18/25 - 01/21/25,113,33,20,4.91,4.91 (11),10,https://www.airbnb.com/rooms/1055040314285666381?check_in=2025-01-19&check_out=2025-01-22&guests=1&adults=1,34,3,109,0.9646017699115044,9,0,9,0.07964601769911504,,true,,,,,,,,,,,,,,,,,,,,,,,,,,,,,,,,,,,,,,,,,,,,,,,,,,,,,,,,,,,,,,,,,,,,,,,,,,,,,,,,,,,,,,,,,,,,,,,,,,,,,,,,,,,,,,,
56,1335,625,0,710,0,0,0,0,0,850800898254477040,Loft in Prados del Norte,01/18/25 - 01/21/25,108,30,18,4.88,4.88 (78),13,https://www.airbnb.com/rooms/850800898254477040?check_in=2025-01-19&check_out=2025-01-22&guests=1&adults=1,31,3,93,0.8611111111111112,15,0,15,0.1388888888888889,,true,,,,,,,,,,,,,,,,,,,,,,,,,,,,,,,,,,,,,,,,,,,,,,,,,,,,,,,,,,,,,,,,,,,,,,,,,,,,,,,,,,,,,,,,,,,,,,,,,,,,,,,,,,,,,,,
57,1335,725,0,610,0,0,0,0,0,843411876221007494,Apartment in Cali,01/18/25 - 01/21/25,72,10,6,4.53,4.53 (32),33,https://www.airbnb.com/rooms/843411876221007494?check_in=2025-01-19&check_out=2025-01-22&guests=1&adults=1,19,3,58,0.8055555555555556,14,0,14,0.19444444444444445,2 beds,,,true,true,true,,,true,,,false,false,,true,,true,,,,true,,,,,,true,,,,,,,,,,,,,,,,,,,,,,,,,,,,,,,,,,,,,,,,,,,,,,,,,,,,,,,,,,,,,,,,,,,,,,,,,,,,,,,,,,,,,,
58,1330,620,0,710,0,0,0,0,0,994156822912003917,Apartment in Cali,01/18/25 - 01/21/25,109,31,15,4.88,4.88 (24),13,https://www.airbnb.com/rooms/994156822912003917?check_in=2025-01-19&check_out=2025-01-22&guests=1&adults=1,28,3,83,0.7614678899082569,11,15,26,0.23853211009174313,,true,,,,,,,,,,,,,,,,,,,,,,,,,,,,,,,,,,,,,,,,,,,,,,,,,,,,,,,,,,,,,,,,,,,,,,,,,,,,,,,,,,,,,,,,,,,,,,,,,,,,,,,,,,,,,,,
59,1325,555,0,770,0,0,0,0,0,788550973553201362,Apartment in Granada,01/18/25 - 01/21/25,133,44,20,5,5.0 (52),1,https://www.airbnb.com/rooms/788550973553201362?check_in=2025-01-19&check_out=2025-01-22&guests=1&adults=1,34,3,103,0.7744360902255639,11,19,30,0.22556390977443608,,true,true,true,,true,true,,,,,false,false,,true,,,,,,,,,true,true,true,true,,,,,,,,,,,,,,,,,,,,,,,,,,,,,,,,,,,,,,,,,,,,,,,,,,,,,,,,,,,,,,,,,,,,,,,,,,,,,,,,,,,,,,
60,1325,610,0,715,0,0,0,0,0,44250901,Apartment in Versalles,01/18/25 - 01/21/25,113,33,19,4.89,4.89 (142),12,https://www.airbnb.com/rooms/44250901?check_in=2025-01-19&check_out=2025-01-22&guests=1&adults=1,32,3,96,0.8495575221238938,17,0,17,0.1504424778761062,,true,true,true,true,true,,,,,,false,,,true,,,,,,,,,,,,true,,true,,,,,,,,,,,true,true,,,,,,,,,,,,,,,,,,,,,,,,,,,,,,,,,,,,,,,,,,,,,,,,,true,,,,,,,,,,,,,,,,,,,,,,,
61,1320,550,0,770,0,0,0,0,0,1287242764275143759,Apartment in Cali,01/18/25 - 01/21/25,135,45,26,5,5.0 (5),1,https://www.airbnb.com/rooms/1287242764275143759?check_in=2025-01-19&check_out=2025-01-22&guests=1&adults=1,40,3,120,0.8888888888888888,15,0,15,0.1111111111111111,,true,true,true,true,true,true,true,true,,,false,,,,,,,,,true,,,,,,,true,true,,,,,,,,,,,,,,,,,,,,,,,,,,,,,,,,,,,,,,,,,,,,,,,,,,,,,,,,,,,,,,,,,,,,,,,,,,,,,,,,,,,,
62,1320,575,0,745,0,0,0,0,0,44223222,Apartment in Cali,01/18/25 - 01/21/25,128,40,21,4.95,4.95 (97),6,https://www.airbnb.com/rooms/44223222?check_in=2025-01-19&check_out=2025-01-22&guests=1&adults=1,35,3,105,0.8203125,23,0,23,0.1796875,,true,true,true,true,true,,,,,,false,,,true,,,,,,,,,,,,true,,true,,,,,,,,,,,true,true,,,,,,,,,,,,,,,,,,,true,,,,,,,,,,,,,,,,,,,,,,,,,,,,,,,,,,,,,,,,,,,,,,,,,,,,,
63,1320,590,0,730,0,0,0,0,0,32643584,Apartment in Cali,01/18/25 - 01/21/25,121,37,17,4.92,4.92 (104),9,https://www.airbnb.com/rooms/32643584?check_in=2025-01-19&check_out=2025-01-22&guests=1&adults=1,30,3,90,0.743801652892562,14,17,31,0.256198347107438,2 beds,true,,,,,,,,,,,,,,,,,,,,,,,,,,,,,,,,,,,,,,,,,,,,,,,,,,,,,,,,,,,,,,,,,,,,,,,,,,,,,,,,,,,,,,,,,,,,,,,,,,,,,,,,,,,,,,,
64,1320,605,0,715,0,0,0,0,0,705241467704101175,Apartment in Cali,01/18/25 - 01/21/25,115,34,15,4.89,4.89 (36),12,https://www.airbnb.com/rooms/705241467704101175?check_in=2025-01-19&check_out=2025-01-22&guests=1&adults=1,28,3,83,0.7217391304347827,16,16,32,0.2782608695652174,2 beds,true,,,,,,,,,,,,,,,,,,,,,,,,,,,,,,,,,,,,,,,,,,,,,,,,,,,,,,,,,,,,,,,,,,,,,,,,,,,,,,,,,,,,,,,,,,,,,,,,,,,,,,,,,,,,,,,
65,1315,555,0,760,0,0,0,0,0,787628096114789411,Apartment in Cali,01/18/25 - 01/21/25,133,44,20,4.98,4.98 (57),3,https://www.airbnb.com/rooms/787628096114789411?check_in=2025-01-19&check_out=2025-01-22&guests=1&adults=1,34,3,103,0.7744360902255639,11,19,30,0.22556390977443608,,true,,,,,,,,,,,,,,,,,,,,,,,,,,,,,,,,,,,,,,,,,,,,,,,,,,,,,,,,,,,,,,,,,,,,,,,,,,,,,,,,,,,,,,,,,,,,,,,,,,,,,,,,,,,,,,,
66,1310,555,0,755,0,0,0,0,0,674257376619330192,Apartment in Cali,01/18/25 - 01/21/25,133,44,24,4.97,4.97 (68),4,https://www.airbnb.com/rooms/674257376619330192?check_in=2025-01-19&check_out=2025-01-22&guests=1&adults=1,38,3,113,0.849624060150376,20,0,20,0.15037593984962405,3 beds,true,true,true,true,true,true,,,,,,,,,true,,,,,,true,,true,,,true,,,,,,,,,,,,,,true,,,,,,,,,,,,,,true,,,,,,,,,,,,,,,,,,,,,,,,,,,,,,,,,,,,,,,,,,,,,,,,,,,,,,,,,,
67,1310,660,0,650,0,0,0,0,0,787939484096064288,Loft in Cali,01/18/25 - 01/21/25,98,23,15,4.73,4.73 (82),25,https://www.airbnb.com/rooms/787939484096064288?check_in=2025-01-19&check_out=2025-01-22&guests=1&adults=1,28,3,84,0.8571428571428571,14,0,14,0.14285714285714285,4 beds,,,true,true,,,,true,,,false,false,,true,,true,,,,true,,,,,,true,,,,,,,,,,,,,,true,,,,,,,,,,,,,,,,,,,,,,,,,,,,,,,,,,,,,,,,,,,,,,,,,,,,,,,,,,,,,,,,,,,,,,,,
68,1305,545,0,760,0,0,0,0,0,739167458669791196,Apartment in Cali,01/18/25 - 01/21/25,136,46,25,4.98,4.98 (43),3,https://www.airbnb.com/rooms/739167458669791196?check_in=2025-01-19&check_out=2025-01-22&guests=1&adults=1,39,3,117,0.8602941176470589,0,19,19,0.13970588235294118,2 beds,true,,,,,,,,,,,,,,,,,,,,,,,,,,,,,,,,,,,,,,,,,,,,,,,,,,,,,,,,,,,,,,,,,,,,,,,,,,,,,,,,,,,,,,,,,,,,,,,,,,,,,,,,,,,,,,,
69,1305,635,0,670,0,0,0,0,0,1014642709348607955,Apartment in Cali,01/18/25 - 01/21/25,105,28,12,4.78,4.78 (23),21,https://www.airbnb.com/rooms/1014642709348607955?check_in=2025-01-19&check_out=2025-01-22&guests=1&adults=1,25,3,76,0.7238095238095238,14,15,29,0.2761904761904762,,,,true,true,true,true,,,,,false,,,,,,,,,true,,,,,,,,true,,,,,,,true,,,,true,,,,,,,,,,,,,,,,,,,,,,,,,,,,,,,,,,true,,,,,,,,,,,,,,,,,,,,,,,,,,,,,true,,,,,,,,,,
70,1295,620,0,675,0,0,0,0,0,779872695014417216,Apartment in San Antonio,01/18/25 - 01/21/25,109,31,12,4.79,4.79 (29),20,https://www.airbnb.com/rooms/779872695014417216?check_in=2025-01-19&check_out=2025-01-22&guests=1&adults=1,25,3,76,0.6972477064220184,18,15,33,0.30275229357798167,,,,true,,true,,,true,,,false,false,,,,,,,,,true,,,,,,,,,,,,,,,,,,,,,,,,true,,,,,,,,,,,,,,,,,,,,,,,,,,,,,,,,,,,,,,,,,,,,,,,,,,,,,,true,true,true,,,,,,,,,,,
71,1285,535,0,750,0,0,0,0,0,949644953769987101,Apartment in Cali,01/18/25 - 01/21/25,138,48,24,4.96,4.96 (28),5,https://www.airbnb.com/rooms/949644953769987101?check_in=2025-01-19&check_out=2025-01-22&guests=1&adults=1,38,3,115,0.8333333333333334,23,0,23,0.16666666666666666,,true,true,true,,true,,,true,,,false,false,,true,,,,,,true,,,,,,,,true,,,,,,,,,,,true,,,,,,,,,,,,,,,,,,true,,,,,,,,,,,,,,,,,,,,,,,,,,,,,,,,,,,,,,,,,,,,,,,,,,,,,,,
72,1275,525,0,750,0,0,0,0,0,962321122848581049,Apartment in Cali,01/18/25 - 01/21/25,140,50,25,4.96,4.96 (26),5,https://www.airbnb.com/rooms/962321122848581049?check_in=2025-01-19&check_out=2025-01-22&guests=1&adults=1,39,3,117,0.8357142857142857,23,0,23,0.16428571428571428,,true,,,,,,,,,,,,,,,,,,,,,,,,,,,,,,,,,,,,,,,,,,,,,,,,,,,,,,,,,,,,,,,,,,,,,,,,,,,,,,,,,,,,,,,,,,,,,,,,,,,,,,,,,,,,,,,
73,1275,550,0,725,0,0,0,0,0,44292430,Apartment in San Antonio,01/18/25 - 01/21/25,135,45,23,4.91,4.91 (186),10,https://www.airbnb.com/rooms/44292430?check_in=2025-01-19&check_out=2025-01-22&guests=1&adults=1,37,3,112,0.8296296296296296,23,0,23,0.17037037037037037,,true,,,,,,,,,,,,,,,,,,,,,,,,,,,,,,,,,,,,,,,,,,,,,,,,,,,,,,,,,,,,,,,,,,,,,,,,,,,,,,,,,,,,,,,,,,,,,,,,,,,,,,,,,,,,,,,
74,1275,580,0,695,0,0,0,0,0,945682051446559929,Apartment in Cali,01/18/25 - 01/21/25,124,39,22,4.85,4.85 (26),16,https://www.airbnb.com/rooms/945682051446559929?check_in=2025-01-19&check_out=2025-01-22&guests=1&adults=1,36,3,107,0.8629032258064516,17,0,17,0.13709677419354838,,true,,,,,,,,,,,,,,,,,,,,,,,,,,,,,,,,,,,,,,,,,,,,,,,,,,,,,,,,,,,,,,,,,,,,,,,,,,,,,,,,,,,,,,,,,,,,,,,,,,,,,,,,,,,,,,,
75,1270,625,0,645,0,0,0,0,0,1086165230739196059,Apartment in Cali,01/18/25 - 01/21/25,108,30,18,4.71,4.71 (49),26,https://www.airbnb.com/rooms/1086165230739196059?check_in=2025-01-19&check_out=2025-01-22&guests=1&adults=1,31,3,93,0.8611111111111112,0,15,15,0.1388888888888889,,,,,,,,,,,,,,,,,,,,,,,,,,,,,,,,,,,,,,,,,,,,,,,,,,,,,,,,,,,,,,,,,,,,,,,,,,,,,,,,,,,,,,,,,,,,,,,,,,,,,,,,,,,,,,,,,
76,1265,540,0,725,0,0,0,0,0,50434833,Apartment in Cali,01/18/25 - 01/21/25,137,47,24,4.91,4.91 (106),10,https://www.airbnb.com/rooms/50434833?check_in=2025-01-19&check_out=2025-01-22&guests=1&adults=1,38,3,114,0.8321167883211679,23,0,23,0.1678832116788321,,true,true,true,,true,,,true,,,,,,true,,,,,,,,,,,,true,,,,,,,,,,,,,,true,true,,,,,,,,,,,,,,,,,,,,,,,,,,,,,,,,,,,,,,,,,,,true,true,true,,,,,,,,,,,,,,,,,,,,,,,,,,
77,1265,615,0,650,0,0,0,0,0,813039149284386302,Loft in Cali,01/18/25 - 01/21/25,112,32,19,4.73,4.73 (138),25,https://www.airbnb.com/rooms/813039149284386302?check_in=2025-01-19&check_out=2025-01-22&guests=1&adults=1,32,3,96,0.8571428571428571,0,16,16,0.14285714285714285,,,,true,true,true,,true,,,,false,false,,,true,true,true,,,,,,true,,,,,,,,,,,,,,,,,,,,,,,,,,,,,,,,,,,,,,,,,,,,,,,,,,,,,,,,,,,,,,,,,,,,,,,,,,,,,,,,,,,,,,,,,
78,1260,520,0,740,0,0,0,0,0,1221265294828394088,Condo in Cali,01/18/25 - 01/21/25,141,51,23,4.94,4.94 (16),7,https://www.airbnb.com/rooms/1221265294828394088?check_in=2025-01-19&check_out=2025-01-22&guests=1&adults=1,37,3,110,0.7801418439716312,11,20,31,0.2198581560283688,,true,true,true,true,true,,,,,,false,,,,true,,,,,true,,,true,,,,true,,,,,,,,,,,,,,,,,,,,,,,,,,,,,,,,,,,,,,,,,,true,true,,,,,,,,,,,,,,,,,,,,,,,,,,,,,,,,,,,,,,,,,,
79,1260,630,0,630,0,0,0,0,0,1058619023291839684,Apartment in Cali,01/18/25 - 01/21/25,107,29,17,4.67,4.67 (46),29,https://www.airbnb.com/rooms/1058619023291839684?check_in=2025-01-19&check_out=2025-01-22&guests=1&adults=1,30,3,90,0.8411214953271028,17,0,17,0.1588785046728972,,,,true,true,true,true,true,true,,,,,,true,true,,,,,,,,,,,,,,,,,,true,,true,,,,,,,,,,,,,,,,,,,,,,,,,,,,,,,,,,,,,,,,,,,,,,,,,,,,,,,,,,,,,,,,,,,,,,,,,,,,true,
80,1255,530,0,725,0,0,0,0,0,41177367,Apartment in Cali,01/18/25 - 01/21/25,139,49,20,4.91,4.91 (80),10,https://www.airbnb.com/rooms/41177367?check_in=2025-01-19&check_out=2025-01-22&guests=1&adults=1,34,3,103,0.7410071942446043,16,20,36,0.2589928057553957,2 beds,true,,,,,,,,,,,,,,,,,,,,,,,,,,,,,,,,,,,,,,,,,,,,,,,,,,,,,,,,,,,,,,,,,,,,,,,,,,,,,,,,,,,,,,,,,,,,,,,,,,,,,,,,,,,,,,,
81,1255,560,0,695,0,0,0,0,0,909564105986873892,Apartment in Cali,01/18/25 - 01/21/25,131,43,25,4.85,4.85 (66),16,https://www.airbnb.com/rooms/909564105986873892?check_in=2025-01-19&check_out=2025-01-22&guests=1&adults=1,39,3,116,0.8854961832061069,15,0,15,0.11450381679389313,,true,true,true,,true,true,true,true,,,,false,,true,true,,,,,,,,,,,,,,,,,,,,,,,,,,,,,,,,,,,,,,,,,,,,,,,,,,,,,,,,,,,,,,,,,,,,,,,,,,,,,,,true,true,,,,,,,,,,,,,,,,,
82,1250,515,0,735,0,0,0,0,0,50374942,Apartment in Cali,01/18/25 - 01/21/25,143,52,26,4.93,4.93 (109),8,https://www.airbnb.com/rooms/50374942?check_in=2025-01-19&check_out=2025-01-22&guests=1&adults=1,40,3,120,0.8391608391608392,23,0,23,0.16083916083916083,,true,true,true,,true,,,true,,,,,,true,,,,,,,,,,,,true,,true,,,,,,,,,,,true,true,true,,,,,,,,,,,,,,,,,,,,,,,,,,,,,,,,,,true,,,,,,,,,,,,,,,,,,,,,,,,,,,,,,,,,,,,,
83,1240,490,0,750,0,0,0,0,0,1140642464138182099,Apartment in Cali,01/18/25 - 01/21/25,150,57,30,4.96,4.96 (24),5,https://www.airbnb.com/rooms/1140642464138182099?check_in=2025-01-19&check_out=2025-01-22&guests=1&adults=1,44,3,133,0.8866666666666667,17,0,17,0.11333333333333333,,true,true,true,,true,,,true,,,false,,,true,true,,,,,,,,,,,,,,,,,true,,,,true,true,,,,,,,,,,,,,,,,,,,,,true,,,,,,,,,,,,,,,,,,,,,,,,,,,,,,,,,,,,,,,,,,,,,,,,,,,,,,
84,1240,545,0,695,0,0,0,0,0,1034773521842134978,Apartment in Cali,01/18/25 - 01/21/25,136,46,20,4.85,4.85 (26),16,https://www.airbnb.com/rooms/1034773521842134978?check_in=2025-01-19&check_out=2025-01-22&guests=1&adults=1,34,3,103,0.7573529411764706,14,19,33,0.2426470588235294,1 bed,true,,,,,,,,,,,,,,,,,,,,,,,,,,,,,,,,,,,,,,,,,,,,,,,,,,,,,,,,,,,,,,,,,,,,,,,,,,,,,,,,,,,,,,,,,,,,,,,,,,,,,,,,,,,,,,,
85,1235,465,0,770,0,0,0,0,0,1207558480534141633,Apartment in Cali,01/18/25 - 01/21/25,157,62,27,5,5.0 (12),1,https://www.airbnb.com/rooms/1207558480534141633?check_in=2025-01-19&check_out=2025-01-22&guests=1&adults=1,41,3,124,0.7898089171974523,11,22,33,0.21019108280254778,,true,true,true,true,,,,true,true,true,false,,,,,true,true,,,,,true,,,,,,,true,,,,,,,,,,,,,,,,,,,,,,,,,,,,,,,,,,,,,,,,,,,,,,,,,,,,,,,,,,,,,,,,,,,,,,,,,,,,,,,,,,,
86,1235,565,0,670,0,0,0,0,0,924584497698854522,Loft in Cali,01/18/25 - 01/21/25,130,42,20,4.78,4.78 (54),21,https://www.airbnb.com/rooms/924584497698854522?check_in=2025-01-19&check_out=2025-01-22&guests=1&adults=1,34,3,103,0.7923076923076923,9,18,27,0.2076923076923077,,,,true,true,true,,true,,,,false,,,,,,,,true,,,,,,,,,,,,,,,,true,,true,,,,,,,,,,,,,,,,,,,,,,,,,,,,,,,,,,,,,,,,,,,,,,,,,,,,,,,,,,,,true,,,,,,true,true,,,,,,,,
87,1230,500,0,730,0,0,0,0,0,1085648837933759162,Apartment in Cali,01/18/25 - 01/21/25,147,55,29,4.92,4.92 (25),9,https://www.airbnb.com/rooms/1085648837933759162?check_in=2025-01-19&check_out=2025-01-22&guests=1&adults=1,43,3,130,0.8843537414965986,17,0,17,0.11564625850340136,,true,true,true,,true,,,true,,,false,,,true,,,,,,true,,,,,,,,,,,,true,,,,true,true,,,,,,,,,,,,,,,,,,,,,,,,,,,,,,,,,,,,,,,,,,,true,,,,,,,,,,,,,,,,,,,,,,,,,,,,,,,,
88,1230,510,0,720,0,0,0,0,0,48973438,Apartment in Cali,01/18/25 - 01/21/25,144,53,20,4.9,4.9 (51),11,https://www.airbnb.com/rooms/48973438?check_in=2025-01-19&check_out=2025-01-22&guests=1&adults=1,34,3,119,0.8263888888888888,25,18,43,0.2986111111111111,1 double bed,true,,,,,,,,,,,,,,,,,,,,,,,,,,,,,,,,,,,,,,,,,,,,,,,,,,,,,,,,,,,,,,,,,,,,,,,,,,,,,,,,,,,,,,,,,,,,,,,,,,,,,,,,,,,,,,,
89,1225,550,0,675,0,0,0,0,0,49032877,Home in Cali,01/18/25 - 01/21/25,135,45,31,4.79,4.79 (117),20,https://www.airbnb.com/rooms/49032877?check_in=2025-01-19&check_out=2025-01-22&guests=1&adults=1,45,3,135,1,0,0,0,0,3 double beds,,,true,true,true,,true,,true,,false,false,,true,,,,,,,,,,,,,,,,,,,,,,,,,,,,,,,,,,true,true,,,,,,,,,,,,,,,,,,,,,,,,,,,,,,,,,,,,,,,,,,,,,,,,,,,,,,,,,,,,,,,
90,1220,475,0,745,0,0,0,0,0,818869163997778742,Apartment in Cali,01/18/25 - 01/21/25,154,60,35,4.95,4.95 (19),6,https://www.airbnb.com/rooms/818869163997778742?check_in=2025-01-19&check_out=2025-01-22&guests=1&adults=1,49,3,146,0.948051948051948,8,0,8,0.05194805194805195,2 beds,true,,,,,,,,,,,,,,,,,,,,,,,,,,,,,,,,,,,,,,,,,,,,,,,,,,,,,,,,,,,,,,,,,,,,,,,,,,,,,,,,,,,,,,,,,,,,,,,,,,,,,,,,,,,,,,,
91,1220,480,0,740,0,0,0,0,0,1052438040994618058,Apartment in Cali,01/18/25 - 01/21/25,152,59,31,4.94,4.94 (17),7,https://www.airbnb.com/rooms/1052438040994618058?check_in=2025-01-19&check_out=2025-01-22&guests=1&adults=1,45,3,135,0.8881578947368421,17,0,17,0.1118421052631579,,true,true,true,,true,,,true,,true,false,,,true,,,,,,true,,,,,,,,,,,,,,,,,true,,,,,,,,,,,,,,,,,,,,,,,,,,,,,,,,,,true,true,,,,,,,,,,,,,,,,,,,,,,,,,,,,,,,,,,,,,,,,
92,1215,495,0,720,0,0,0,0,0,826950288502901671,Apartment in Cali,01/18/25 - 01/21/25,149,56,25,4.9,4.9 (52),11,https://www.airbnb.com/rooms/826950288502901671?check_in=2025-01-19&check_out=2025-01-22&guests=1&adults=1,39,3,117,0.785234899328859,11,21,32,0.21476510067114093,,true,,,,,,,,,,,,,,,,,,,,,,,,,,,,,,,,,,,,,,,,,,,,,,,,,,,,,,,,,,,,,,,,,,,,,,,,,,,,,,,,,,,,,,,,,,,,,,,,,,,,,,,,,,,,,,,
93,1215,590,0,625,0,0,0,0,0,893695721087768343,Apartment in Cali,01/18/25 - 01/21/25,121,37,23,4.62,4.62 (29),30,https://www.airbnb.com/rooms/893695721087768343?check_in=2025-01-19&check_out=2025-01-22&guests=1&adults=1,37,3,110,0.9090909090909091,11,0,11,0.09090909090909091,,,,true,true,true,true,true,true,,,false,false,,true,true,,,,,,,,,,,,,,,,,,,,,,,,,,,,,,,,,,,,,,,,,,,,,,,,,,,,,,,,,,,,,,,,,,,,,,,,,,,,,,,,,,,,,,,,,,,,,,,,,
94,1210,485,0,725,0,0,0,0,0,49034362,Apartment in Cali,01/18/25 - 01/21/25,151,58,30,4.91,4.91 (22),10,https://www.airbnb.com/rooms/49034362?check_in=2025-01-19&check_out=2025-01-22&guests=1&adults=1,44,3,237,1.5695364238410596,18,0,18,0.11920529801324503,2 queen beds,true,true,true,,true,,,,,,false,,,true,,,,,,,true,,,,,true,,,true,,,,,,,,,,,,,,,,true,,,,,,,,,,,,,,,,,,,,,,,,,,,,,,,,,,,,,,,,,,true,true,,,,,,,,,,,,,,,,,,,,,,,,
95,1210,605,0,605,0,0,0,0,0,1276272447530317282,Apartment in Cali,01/18/25 - 01/21/25,115,34,15,,,34,https://www.airbnb.com/rooms/1276272447530317282?check_in=2025-01-19&check_out=2025-01-22&guests=1&adults=1,28,3,83,0.7217391304347827,16,16,32,0.2782608695652174,2 beds,,,true,true,,,,true,true,true,false,false,,,,,,,,,,true,,,,,,,,,,,,,true,,,,,,,,,,,,,,,,,,,,,,,,,,,,,,,,,,,,,,,,,,,,,,,,,,,,,,,,,,,,,,,,,,,,,,,,,,,,,true
96,1200,430,0,770,0,0,0,0,0,1258890837366335280,Apartment in Cali,01/18/25 - 01/21/25,171,69,29,5,5.0 (3),1,https://www.airbnb.com/rooms/1258890837366335280?check_in=2025-01-19&check_out=2025-01-22&guests=1&adults=1,43,3,130,0.7602339181286549,17,24,41,0.23976608187134502,,,,true,true,true,,,true,,true,false,,,true,,,,,,,,,,,,,,,,,,,,,,,,,,,,,,,,,,,,,,,,,,,,,,,,,,,,,,,,,,,,,,,,,,,,,,,,,,,,,,,,,,,,,,,,,,,,,,,,,,
97,1195,590,0,605,0,0,0,0,0,1305077299402383775,Apartment in Cali,01/18/25 - 01/21/25,121,37,17,,New,34,https://www.airbnb.com/rooms/1305077299402383775?check_in=2025-01-19&check_out=2025-01-22&guests=1&adults=1,30,3,112,0.9256198347107438,14,17,31,0.256198347107438,2 beds,,,true,true,true,,true,true,,,false,,,true,,,true,true,,,,,,,,,,,,,,,,,,,,,,,,,,,,,,,,,,true,,,,,,,,,,,,,,,,,,,,,,,,,,,,,,,,,,,,,,,,,,,,,,,,,,,,,,,,,,,,
98,1185,415,0,770,0,0,0,0,0,49034405,Apartment in Cali,01/18/25 - 01/21/25,175,72,38,5,5.0 (16),1,https://www.airbnb.com/rooms/49034405?check_in=2025-01-19&check_out=2025-01-22&guests=1&adults=1,52,3,256,1.4628571428571429,18,0,18,0.10285714285714286,2 queen beds,true,,,,,,,,,,,,,,,,,,,,,,,,,,,,,,,,,,,,,,,,,,,,,,,,,,,,,,,,,,,,,,,,,,,,,,,,,,,,,,,,,,,,,,,,,,,,,,,,,,,,,,,,,,,,,,,
99,1185,425,0,760,0,0,0,0,0,48816526,Apartment in Cali,01/18/25 - 01/21/25,172,70,37,4.98,4.98 (60),3,https://www.airbnb.com/rooms/48816526?check_in=2025-01-19&check_out=2025-01-22&guests=1&adults=1,51,3,359,2.0872093023255816,18,0,18,0.10465116279069768,2 queen beds,true,true,true,,true,,,,,,false,,,true,,,,,,,true,,,,,true,,,true,,,,,,,,,,,,,,true,true,true,,,,,,,,,,,,,,,,,,,,,,,,,,,,,,,,,,,,,,,,,,,,,,,,,,,,,,,,,,,,,,,,,,,
100,1185,440,0,745,0,0,0,0,0,751473032477037393,Apartment in Cali,01/18/25 - 01/21/25,164,67,28,4.95,4.95 (42),6,https://www.airbnb.com/rooms/751473032477037393?check_in=2025-01-19&check_out=2025-01-22&guests=1&adults=1,42,3,126,0.7682926829268293,18,20,38,0.23170731707317074,2 beds,true,true,true,true,true,,,true,,,,,,true,true,,,,,,true,,,,,true,,,true,,,,,,,,,,,,,,,,,,,,,true,,,,,,,,,,,,,,,,,,,,,,,,,,,,,,,,,,,,,,,,,,,,,,,,,,,,,,,,,,,,,,
101,1185,445,0,740,0,0,0,0,0,1187275880279584620,Apartment in Juanambú,01/18/25 - 01/21/25,163,66,35,4.94,4.94 (36),7,https://www.airbnb.com/rooms/1187275880279584620?check_in=2025-01-19&check_out=2025-01-22&guests=1&adults=1,49,3,148,0.9079754601226994,15,0,15,0.09202453987730061,,true,,,,,,,,,,,,,,,,,,,,,,,,,,,,,,,,,,,,,,,,,,,,,,,,,,,,,,,,,,,,,,,,,,,,,,,,,,,,,,,,,,,,,,,,,,,,,,,,,,,,,,,,,,,,,,,
102,1185,470,0,715,0,0,0,0,0,1115853291368985506,Apartment in Santa Teresita,01/18/25 - 01/21/25,155,61,32,4.89,4.89 (27),12,https://www.airbnb.com/rooms/1115853291368985506?check_in=2025-01-19&check_out=2025-01-22&guests=1&adults=1,46,3,138,0.8903225806451613,17,0,17,0.10967741935483871,,true,true,,,true,,,true,,,false,,,true,true,,,,,true,,,,,,,,,,,,true,,,,true,true,,,,,,,,,,,,,,,,,,,,,true,,,,,,,,,,,,,,,,,,,,,,,,,,,,,,,,,,,,,,,,,,,,,,,,,,,,,,
103,1180,460,0,720,0,0,0,0,0,45176324,Apartment in Cali,01/18/25 - 01/21/25,159,63,27,4.9,4.9 (93),11,https://www.airbnb.com/rooms/45176324?check_in=2025-01-19&check_out=2025-01-22&guests=1&adults=1,41,3,123,0.7735849056603774,36,0,36,0.22641509433962265,,,,true,true,,,,true,,true,false,,,,,,,,,,,true,,,,,,,,,,,,,,,,,,,,,,,,,,,,,true,,,,,,,,,,,,,,,,,,,,,,,,,,,,,,,,,,,true,,,,,,,,,,,,,,,,,,,,,,,,,,
104,1175,570,0,605,0,0,0,0,0,1315164108473668811,Apartment in Granada,01/18/25 - 01/21/25,129,41,24,,New,34,https://www.airbnb.com/rooms/1315164108473668811?check_in=2025-01-19&check_out=2025-01-22&guests=1&adults=1,38,3,114,0.8837209302325582,15,0,15,0.11627906976744186,,,,true,true,true,true,true,true,,,false,false,,,,,,true,,true,,,,,,,,,,,,,,,true,,,,,,,,,,,,,,,,,,,,,,,,,,,,,,,,,,,,,,,,,,,,,,,,,,,,,,,,,,,,,,,,,,,,,,,,,,,,,
105,1165,465,0,700,0,0,0,0,0,1189334117240775910,Apartment in Cali,01/18/25 - 01/21/25,157,62,33,4.86,4.86 (7),15,https://www.airbnb.com/rooms/1189334117240775910?check_in=2025-01-19&check_out=2025-01-22&guests=1&adults=1,47,3,140,0.89171974522293,17,0,17,0.10828025477707007,,true,true,,,,,,true,,true,false,,,true,true,,true,,,true,,,,,,,,,,,,true,,true,,,,,,,,,,,,,,,,,,,,,,,,true,,,,,,,,,,,,,,,,,,,,,,,,,,,,,,,,,,,,,,,,,,,,,,,,,,,,,,
106,1160,450,0,710,0,0,0,0,0,1271793937351013852,Apartment in Cali,01/18/25 - 01/21/25,162,65,34,4.88,4.88 (8),13,https://www.airbnb.com/rooms/1271793937351013852?check_in=2025-01-19&check_out=2025-01-22&guests=1&adults=1,48,3,144,0.8888888888888888,18,0,18,0.1111111111111111,,true,true,true,true,true,,true,true,,,false,,,,,true,,,,true,,,,,,,true,true,,,,,,,,,,,,,,,,,,,,,,,,,,,,,,,,,,,,,,,,,,,,,,,,,,,,,,,,,,,,,,,,,,,,,,,,,,,,,,,,,,,,
107,1160,460,0,700,0,0,0,0,0,1072022780427965925,Apartment in Cali,01/18/25 - 01/21/25,159,63,33,4.86,4.86 (63),15,https://www.airbnb.com/rooms/1072022780427965925?check_in=2025-01-19&check_out=2025-01-22&guests=1&adults=1,47,3,142,0.8930817610062893,17,0,17,0.1069182389937107,,true,true,true,,true,true,true,,,,,,,true,true,,,,,true,,,,,,,true,,,,,,,,,,,,,,,,,,,,,,,,,,,,,,,,,,,,,,,,,,,,,,,,,,,,,,,,,,,,,,,true,true,,,,,,,,,,,,,,,,,,,,,
108,1155,395,0,760,0,0,0,0,0,1075613749695813193,Cabin in La Paz,01/18/25 - 01/21/25,185,76,37,4.98,4.98 (50),3,https://www.airbnb.com/rooms/1075613749695813193?check_in=2025-01-19&check_out=2025-01-22&guests=1&adults=1,51,3,152,0.8216216216216217,7,26,33,0.1783783783783784,,true,true,true,true,,,true,true,,,false,false,,,,true,,,,,,,,,,,,,,,,,,,,,,,,,,,,,,,,,,,,,,,,,,,,,,,,,,,,,,,,,,,,,,,,,,,,,,,,,,,,,,,,,,,,,,,,,,,,,,,,
109,1155,410,0,745,0,0,0,0,0,52934291,Apartment in Cali,01/18/25 - 01/21/25,177,73,37,4.95,4.95 (38),6,https://www.airbnb.com/rooms/52934291?check_in=2025-01-19&check_out=2025-01-22&guests=1&adults=1,51,3,154,0.8700564971751412,23,0,23,0.12994350282485875,,true,true,true,true,,true,,true,,true,false,,,true,,,,,,true,,true,,,,,,,,,,,,,,,,,,,true,,,,,,,,,,,,,,,,,,,,,,,,,,,,,,,,,,,,,,,,,,,,,,,,,,,,,,,,,,,,,,,,,,,,,,,
110,1150,405,0,745,0,0,0,0,0,48816214,Apartment in Cali,01/18/25 - 01/21/25,178,74,39,4.95,4.95 (59),6,https://www.airbnb.com/rooms/48816214?check_in=2025-01-19&check_out=2025-01-22&guests=1&adults=1,53,3,354,1.9887640449438202,18,0,18,0.10112359550561797,2 queen beds,true,,,,,,,,,,,,,,,,,,,,,,,,,,,,,,,,,,,,,,,,,,,,,,,,,,,,,,,,,,,,,,,,,,,,,,,,,,,,,,,,,,,,,,,,,,,,,,,,,,,,,,,,,,,,,,,
111,1145,540,0,605,0,0,0,0,0,1312385078348547866,Apartment in Granada,01/18/25 - 01/21/25,137,47,27,,New,34,https://www.airbnb.com/rooms/1312385078348547866?check_in=2025-01-19&check_out=2025-01-22&guests=1&adults=1,41,3,122,0.8905109489051095,15,0,15,0.10948905109489052,,,,,,,,,,,,,,,,,,,,,,,,,,,,,,,,,,,,true,,,,,,,,,,,,,,,,,,,,,,,,,,,,,,,,,,,,,,,,,,,,,,,,,,,,,,,,,,,,,,,,,,,,,,,,,,,,,
112,1140,370,0,770,0,0,0,0,0,760818865779062712,Apartment in Cali,01/18/25 - 01/21/25,204,81,45,5,5.0 (33),1,https://www.airbnb.com/rooms/760818865779062712?check_in=2025-01-19&check_out=2025-01-22&guests=1&adults=1,60,3,181,0.8872549019607843,23,0,23,0.11274509803921569,,true,true,true,,true,,,true,,,false,,,true,,,,,,true,,,,,,,,,,true,true,true,true,,,,,,,,,,,,,,,,,,,,,,,,,,,,,,,,,,,,,,,,,,,,,,,,,,,,,,,,,,,,,,,,,,,,,,,,,,,,,,,
113,1140,410,0,730,0,0,0,0,0,1185557184509671955,Apartment in Cali,01/18/25 - 01/21/25,177,73,39,4.92,4.92 (36),9,https://www.airbnb.com/rooms/1185557184509671955?check_in=2025-01-19&check_out=2025-01-22&guests=1&adults=1,53,3,159,0.8983050847457628,18,0,18,0.1016949152542373,,,,true,true,true,true,true,true,true,true,false,,,,,,,true,,,,,,,,,,,,,,,,,true,,,,,,,,,,,,,,,,,,,,,,,,,,,,,,,,,,,,,,,,,,,,,,,,,,,,,,,,,,,,,,,,,,,,,,,,,,,,,
114,1135,455,0,680,0,0,0,0,0,970942668813103540,Apartment in Cali,01/18/25 - 01/21/25,160,64,34,4.8,4.8 (64),19,https://www.airbnb.com/rooms/970942668813103540?check_in=2025-01-19&check_out=2025-01-22&guests=1&adults=1,48,3,143,0.89375,17,0,17,0.10625,,,,true,,true,true,true,true,,,,,,true,true,,,,,,,,true,,,,,,,,,,true,,true,,,,,,,,,,,,,,,,,,,,,,,,,,,,,,,,,,,,,,,,,,,,,,,,,,,,,,,,,,,,,,,true,,,,,,,,,,,,,,
115,1135,530,0,605,0,0,0,0,0,1322715758094514410,Apartment in Granada,01/18/25 - 01/21/25,139,49,26,,New,34,https://www.airbnb.com/rooms/1322715758094514410?check_in=2025-01-19&check_out=2025-01-22&guests=1&adults=1,40,3,151,1.0863309352517985,18,0,18,0.12949640287769784,,,,,,,,,,,,,,,,,,,,,,,,,,,,,,,,,,,,true,,,,,,,,,,,,,,,,,,,,,,,,,,,,,,,,,,,,,,,,,,,,,,,,,,,,,,,,,,,,,,,,,,,,,,,,,,,,,
116,1130,380,0,750,0,0,0,0,0,986385011448915752,Apartment in Cali,01/18/25 - 01/21/25,196,79,44,4.96,4.96 (23),5,https://www.airbnb.com/rooms/986385011448915752?check_in=2025-01-19&check_out=2025-01-22&guests=1&adults=1,58,3,173,0.8826530612244898,23,0,23,0.11734693877551021,,true,true,true,true,true,,,true,,,false,,,true,,,,,,true,true,,,,,,,,,,,true,true,,,,,,,,,,,,,,,,,,,,,,,,,,,,,,,,,,,,,,,,,,,,,,,,,,,,,,,,,,,,,,,,,,,,,,,,,,,,,,,
117,1125,370,0,755,0,0,0,0,0,773948381644764212,Apartment in Cali,01/18/25 - 01/21/25,204,81,45,4.97,4.97 (29),4,https://www.airbnb.com/rooms/773948381644764212?check_in=2025-01-19&check_out=2025-01-22&guests=1&adults=1,60,3,181,0.8872549019607843,23,0,23,0.11274509803921569,,true,,,,,,,,,,,,,,,,,,,,,,,,,,,,,,,,,,,,,,,,,,,,,,,,,,,,,,,,,,,,,,,,,,,,,,,,,,,,,,,,,,,,,,,,,,,,,,,,,,,,,,,,,,,,,,,
118,1125,435,0,690,0,0,0,0,0,928340848815798096,Apartment in Juanambú,01/18/25 - 01/21/25,169,68,37,4.83,4.83 (59),17,https://www.airbnb.com/rooms/928340848815798096?check_in=2025-01-19&check_out=2025-01-22&guests=1&adults=1,51,3,152,0.8994082840236687,17,0,17,0.10059171597633136,,,,true,true,true,,true,true,,,,,,true,true,,,,,true,,,,,,,,,,,,,true,,true,,,,,,,,,,,,,,,,,,,,,,,,,,,,,,,,,,,,,,,,,,,,,,,,,,,,,,,,,,,,,,true,,,,,,,,,,,,,,,
119,1120,515,0,605,0,0,0,0,0,1273472901341132178,Apartment in Cali,01/18/25 - 01/21/25,143,52,22,,New,34,https://www.airbnb.com/rooms/1273472901341132178?check_in=2025-01-19&check_out=2025-01-22&guests=1&adults=1,36,3,134,0.9370629370629371,16,20,36,0.2517482517482518,,,,true,true,true,,,true,true,true,false,false,,true,,true,,,,,,,,,,,,,,,,,,,,,,,,,,,,,,,,,,,,,,,,,,,,,,,,,,,,,,,,,,,,,,,,,,,,,,,,,,,,,,,,,,,,,,,,,,,,,,,,
120,1110,340,0,770,0,0,0,0,0,674407828711565426,Loft in Juanambú,01/18/25 - 01/21/25,251,87,48,5,5.0 (64),1,https://www.airbnb.com/rooms/674407828711565426?check_in=2025-01-19&check_out=2025-01-22&guests=1&adults=1,65,3,195,0.7768924302788844,25,31,56,0.22310756972111553,,true,,,,,,,,,,,,,,,,,,,,,,,,,,,,,,,,,,,,,,,,,,,,,,,,,,,,,,,,,,,,,,,,,,,,,,,,,,,,,,,,,,,,,,,,,,,,,,,,,,,,,,,,,,,,,,,
121,1110,340,0,770,0,0,0,0,0,1253845371275697746,Apartment in San Antonio,01/18/25 - 01/21/25,251,87,47,5,5.0 (6),1,https://www.airbnb.com/rooms/1253845371275697746?check_in=2025-01-19&check_out=2025-01-22&guests=1&adults=1,64,3,193,0.7689243027888446,23,35,58,0.23107569721115537,1 bed,true,true,true,true,true,,,true,true,true,false,false,,,,true,true,,,,,,,,,,,,,,,,,,,,,,,,,,,,,,,,,,,,,,,,,,,,,,,,,,,,,,,,,,,,,,,,,,,,,,,,,,,,,,,,,,,,,,,,,,,,,,,
122,1110,360,0,750,0,0,0,0,0,44234983,Apartment in Cali,01/18/25 - 01/21/25,208,83,44,4.96,4.96 (112),5,https://www.airbnb.com/rooms/44234983?check_in=2025-01-19&check_out=2025-01-22&guests=1&adults=1,58,3,174,0.8365384615384616,34,0,34,0.16346153846153846,,true,true,true,true,true,,,,,,false,,,true,,,,,,,,,,,,true,,true,,,,,,,,,,,true,true,,,,,,,,,,,,,,,,,,,true,,,,,,,,,,,,,,,,,,,,,,,,,,,,,,,,,,,,,,,,,,,,,,,,,,,,,
123,1110,420,0,690,0,0,0,0,0,1051003758250470601,Apartment in Cali,01/18/25 - 01/21/25,174,71,38,4.83,4.83 (46),17,https://www.airbnb.com/rooms/1051003758250470601?check_in=2025-01-19&check_out=2025-01-22&guests=1&adults=1,52,3,157,0.9022988505747126,17,0,17,0.09770114942528736,,true,,,,,,,,,,,,,,,,,,,,,,,,,,,,,,,,,,,,,,,,,,,,,,,,,,,,,,,,,,,,,,,,,,,,,,,,,,,,,,,,,,,,,,,,,,,,,,,,,,,,,,,,,,,,,,,
124,1110,505,0,605,0,0,0,0,0,1303237130227422800,Apartment in Cali,01/18/25 - 01/21/25,145,54,28,,New,34,https://www.airbnb.com/rooms/1303237130227422800?check_in=2025-01-19&check_out=2025-01-22&guests=1&adults=1,42,3,127,0.8758620689655172,18,0,18,0.12413793103448276,,,,true,true,true,true,true,true,,,false,,,,,,,,,true,,,,,,,,true,,,,,,,true,,,,true,,,,,,,,,,,,,,,,,,,,,,,,,,,,,,,,,,,,,,,,,,,,,,,,,,,,,,,,,,,,,,,,,,,,,,,,,
125,1100,330,0,770,0,0,0,0,0,1253012116281373251,Apartment in Santa Teresita,01/18/25 - 01/21/25,255,89,51,5,5.0 (3),1,https://www.airbnb.com/rooms/1253012116281373251?check_in=2025-01-19&check_out=2025-01-22&guests=1&adults=1,74,3,221,0.8666666666666667,34,0,34,0.13333333333333333,,,,true,true,true,,,true,,,false,,,true,,true,true,,,true,,,,,,,,,,,,,,true,true,,,,,,,,,,,,,,,,,,,,,,,,,,,,,,,,,,,,,,,,,,,,,,,,,,,,,,,,,,,,,,,,,,,,,,,,,,,,,
126,1100,345,0,755,0,0,0,0,0,996526449490768643,Apartment in Cali,01/18/25 - 01/21/25,229,86,49,4.97,4.97 (33),4,https://www.airbnb.com/rooms/996526449490768643?check_in=2025-01-19&check_out=2025-01-22&guests=1&adults=1,69,3,206,0.8995633187772926,23,0,23,0.10043668122270742,,true,,,,,,,,,,,,,,,,,,,,,,,,,,,,,,,,,,,,,,,,,,,,,,,,,,,,,,,,,,,,,,,,,,,,,,,,,,,,,,,,,,,,,,,,,,,,,,,,,,,,,,,,,,,,,,,
127,1100,365,0,735,0,0,0,0,0,44290200,Apartment in Cali,01/18/25 - 01/21/25,205,82,46,4.93,4.93 (127),8,https://www.airbnb.com/rooms/44290200?check_in=2025-01-19&check_out=2025-01-22&guests=1&adults=1,61,3,182,0.8878048780487805,23,0,23,0.11219512195121951,,true,,,,,,,,,,,,,,,,,,,,,,,,,,,,,,,,,,,,,,,,,,,,,,,,,,,,,,,,,,,,,,,,,,,,,,,,,,,,,,,,,,,,,,,,,,,,,,,,,,,,,,,,,,,,,,,
128,1095,325,0,770,0,0,0,0,0,1108133475711068100,Apartment in Santa Teresita,01/18/25 - 01/21/25,257,90,52,5,5.0 (28),1,https://www.airbnb.com/rooms/1108133475711068100?check_in=2025-01-19&check_out=2025-01-22&guests=1&adults=1,76,3,229,0.8910505836575876,28,0,28,0.10894941634241245,,true,true,true,true,true,,,true,,,,,,true,,,,,,true,true,,,,,,,,,,,true,,,,true,true,,,,,,,,,,,,,,,,,,,,,,,,,,,,,,,,,,,,,,,,,,,,,,,,,,,,,,,,,,,,,,,,,,,,,,,,,,,
129,1090,335,0,755,0,0,0,0,0,912566044792520605,Apartment in Cali,01/18/25 - 01/21/25,253,88,53,4.97,4.97 (37),4,https://www.airbnb.com/rooms/912566044792520605?check_in=2025-01-19&check_out=2025-01-22&guests=1&adults=1,77,3,230,0.9090909090909091,23,0,23,0.09090909090909091,,true,true,true,true,true,,,,,,false,,,true,true,,,,,true,,,,,,,,,,,,,true,,,,,,,,,,,,,,,,,,,,,,true,true,,,,,,,,,,,,,,,,,,,,,,,,,,,,,,,,,,,,,,,,,,,,,,,,,,,,,,,,
130,1090,340,0,750,0,0,0,0,0,44290405,Apartment in Cali,01/18/25 - 01/21/25,251,87,50,4.96,4.96 (169),5,https://www.airbnb.com/rooms/44290405?check_in=2025-01-19&check_out=2025-01-22&guests=1&adults=1,72,3,217,0.8645418326693227,34,0,34,0.13545816733067728,,true,true,true,true,true,,,,,,false,,,true,,,,,,,,,,,,true,,true,,,,,,,,,,,true,,,,,,,,,,,,,,,,,,,,,true,true,,,,,,,,,,,,,,,,,,,,,,,,,,,,,,,,,,,,,,,,,,,,,,,,,,,
131,1090,390,0,700,0,0,0,0,0,1233636952494262641,Apartment in Cali,01/18/25 - 01/21/25,187,77,41,4.86,4.86 (14),15,https://www.airbnb.com/rooms/1233636952494262641?check_in=2025-01-19&check_out=2025-01-22&guests=1&adults=1,55,3,165,0.8823529411764706,22,0,22,0.11764705882352941,,,,true,true,true,,true,true,,,false,,,,,true,,,,true,,,,,,,true,true,,,,,,,true,,,,,,,,,,,,,,,,,,,,,,,,,,,,,,,,,,,,,,,,,,,,,,,,,,,,,,,,,,,,,,,,,,,,,,,,,,,,,
132,1065,305,0,760,0,0,0,0,0,730494507842857325,Apartment in Juanambú,01/18/25 - 01/21/25,275,94,54,4.98,4.98 (51),3,https://www.airbnb.com/rooms/730494507842857325?check_in=2025-01-19&check_out=2025-01-22&guests=1&adults=1,78,3,235,0.8545454545454545,40,0,40,0.14545454545454545,,true,true,true,,true,,,true,,,,,,true,,,,,,true,true,,,,,,,,true,,,true,true,,,,,,,,,,,,,true,,,,,,,,,,,,,,,,,,,,,,,,,,,,,,,,,,,,,,,,,,,,,,,,,,,,,,,,,,,,,,,,,,
133,1065,350,0,715,0,0,0,0,0,732019746091142828,Loft in Cali,01/18/25 - 01/21/25,221,85,43,4.89,4.89 (47),12,https://www.airbnb.com/rooms/732019746091142828?check_in=2025-01-19&check_out=2025-01-22&guests=1&adults=1,57,3,172,0.7782805429864253,18,31,49,0.22171945701357465,2 beds,true,,,,,,,,,,,,,,,,,,,,,,,,,,,,,,,,,,,,,,,,,,,,,,,,,,,,,,,,,,,,,,,,,,,,,,,,,,,,,,,,,,,,,,,,,,,,,,,,,,,,,,,,,,,,,,,
134,1065,380,0,685,0,0,0,0,0,1032023467379586692,Apartment in Juanambú,01/18/25 - 01/21/25,196,79,46,4.81,4.81 (37),18,https://www.airbnb.com/rooms/1032023467379586692?check_in=2025-01-19&check_out=2025-01-22&guests=1&adults=1,61,3,184,0.9387755102040817,12,0,12,0.061224489795918366,,,,true,true,true,,,true,,,,,,true,true,,,,,true,,,,,,,,true,,,,,,,true,,,,,,,,,,,,,,,,,,,,,,,,,,,,,,,,,,,,,,,,,,,,,,,,,,,,,,,,,,,,true,,true,,,,,,,,,,,,,,,
135,1055,290,0,765,0,0,0,0,0,50286619,Apartment in Juanambú,01/18/25 - 01/21/25,281,97,54,4.99,4.99 (116),2,https://www.airbnb.com/rooms/50286619?check_in=2025-01-19&check_out=2025-01-22&guests=1&adults=1,78,3,235,0.8362989323843416,46,0,46,0.16370106761565836,,true,true,true,,true,,,true,,,,,,true,,,,,,,,,,,,true,,true,,,,,,,,,,true,true,true,true,,,,,,,,,,,,,,,,,,,,,,,,,,,,,,,,,,,,,,,,,,,,,,,,,,,,,,,,,,,,,,,,,,,,,,,
136,1055,355,0,700,0,0,0,0,0,1061557229420663582,Apartment in Cali,01/18/25 - 01/21/25,212,84,46,4.86,4.86 (21),15,https://www.airbnb.com/rooms/1061557229420663582?check_in=2025-01-19&check_out=2025-01-22&guests=1&adults=1,61,3,184,0.8679245283018868,28,0,28,0.1320754716981132,,true,true,true,,true,,,true,,,,,,true,,,,,,true,true,,,,,,,,,,,true,,,,,true,,,,,,,,,,,,,,,,,,,,,,,,,,,,,,,,,,,,,,,,,,,,,,,,,,,,,,,true,true,,,,,,,,,,,,,,,,,,,
137,1050,315,0,735,0,0,0,0,0,758985391746566422,Loft in Cali,01/18/25 - 01/21/25,262,92,49,4.93,4.93 (54),8,https://www.airbnb.com/rooms/758985391746566422?check_in=2025-01-19&check_out=2025-01-22&guests=1&adults=1,69,3,207,0.7900763358778626,18,37,55,0.2099236641221374,1 bed,true,,,,,,,,,,,,,,,,,,,,,,,,,,,,,,,,,,,,,,,,,,,,,,,,,,,,,,,,,,,,,,,,,,,,,,,,,,,,,,,,,,,,,,,,,,,,,,,,,,,,,,,,,,,,,,,
138,1045,310,0,735,0,0,0,0,0,45255210,Apartment in Cali,01/18/25 - 01/21/25,274,93,50,4.93,4.93 (128),8,https://www.airbnb.com/rooms/45255210?check_in=2025-01-19&check_out=2025-01-22&guests=1&adults=1,72,3,217,0.791970802919708,57,0,57,0.20802919708029197,,true,,,,,,,,,,,,,,,,,,,,,,,,,,,,,,,,,,,,,,,,,,,,,,,,,,,,,,,,,,,,,,,,,,,,,,,,,,,,,,,,,,,,,,,,,,,,,,,,,,,,,,,,,,,,,,,
139,1040,270,0,770,0,0,0,0,0,1242250871636930071,Apartment in Juanambú,01/18/25 - 01/21/25,343,101,59,5,5.0 (8),1,https://www.airbnb.com/rooms/1242250871636930071?check_in=2025-01-19&check_out=2025-01-22&guests=1&adults=1,92,3,275,0.8017492711370262,20,48,68,0.19825072886297376,,true,,,,,,,,,,,,,,,,,,,,,,,,,,,,,,,,,,,,,,,,,,,,,,,,,,,,,,,,,,,,,,,,,,,,,,,,,,,,,,,,,,,,,,,,,,,,,,,,,,,,,,,,,,,,,,,
140,1040,285,0,755,0,0,0,0,0,837650469388288603,Apartment in Cali,01/18/25 - 01/21/25,309,98,58,4.97,4.97 (63),4,https://www.airbnb.com/rooms/837650469388288603?check_in=2025-01-19&check_out=2025-01-22&guests=1&adults=1,90,3,269,0.8705501618122977,40,0,40,0.12944983818770225,,true,,,,,,,,,,,,,,,,,,,,,,,,,,,,,,,,,,,,,,,,,,,,,,,,,,,,,,,,,,,,,,,,,,,,,,,,,,,,,,,,,,,,,,,,,,,,,,,,,,,,,,,,,,,,,,,
141,1040,435,0,605,0,0,0,0,0,1315529191730752430,Apartment in Granada,01/18/25 - 01/21/25,169,68,36,,New,34,https://www.airbnb.com/rooms/1315529191730752430?check_in=2025-01-19&check_out=2025-01-22&guests=1&adults=1,50,3,151,0.893491124260355,18,0,18,0.10650887573964497,,,,true,true,true,true,true,true,,,false,false,,,,,,true,,,,,,,,,,,,,,,,,true,,true,,,,,,,,,,,,,,,,,,,,,,,,,,,,,,,,,,,,,,,,,,,,,,,,,,,,,,,,,,,,,,,,,,,,,,,,,,,
142,1035,295,0,740,0,0,0,0,0,753790244967762612,Apartment in Cali,01/18/25 - 01/21/25,280,96,56,4.94,4.94 (50),7,https://www.airbnb.com/rooms/753790244967762612?check_in=2025-01-19&check_out=2025-01-22&guests=1&adults=1,80,3,240,0.8571428571428571,40,0,40,0.14285714285714285,,true,true,true,true,true,,,true,,,false,,,true,,,,,,true,true,,,,,,,,,,,true,true,,,,,,,,,,,,,,,,,,,,,,,,,,,,,,,,,,,,,,,,,,,,,,,,,,,,,,,,,,,,,,,,,,,,,,,,,,,,,,,
143,1030,375,0,655,0,0,0,0,0,1243844097279772141,Apartment in Cali,01/18/25 - 01/21/25,200,80,45,4.74,4.74 (23),24,https://www.airbnb.com/rooms/1243844097279772141?check_in=2025-01-19&check_out=2025-01-22&guests=1&adults=1,60,3,180,0.9,20,0,20,0.1,,true,true,true,true,true,,true,true,,,false,,,,,true,,true,,true,,,,,,,,true,,,,,,,,,,,,,,,,,,,,,,,,,,,,,,,,,,,,,,,,,,,,,,,,,,,,,,,,,,,,,,,,,,,,,,,,,,,,,,,,,,,,
144,1030,385,0,645,0,0,0,0,0,1096391895917358974,Apartment in Cali,01/18/25 - 01/21/25,195,78,42,4.71,4.71 (14),26,https://www.airbnb.com/rooms/1096391895917358974?check_in=2025-01-19&check_out=2025-01-22&guests=1&adults=1,56,3,167,0.8564102564102564,28,0,28,0.14358974358974358,,,,true,,true,,,true,,,false,,,true,,,,,,true,,,,,,,,,,,,true,,,true,true,true,,,,,,,,,,,,,,,,,,,,,,,,,,,,,,,,,,,,,,,,,,,,,,,,,,,,,,,,,,,,,,,,,,,,,,true,,,,,
145,1025,275,0,750,0,0,0,0,0,903617739278065833,Apartment in Versalles,01/18/25 - 01/21/25,315,100,58,4.96,4.96 (56),5,https://www.airbnb.com/rooms/903617739278065833?check_in=2025-01-19&check_out=2025-01-22&guests=1&adults=1,90,3,269,0.8539682539682539,46,0,46,0.14603174603174604,,true,true,true,,true,,,true,,,,,,true,,,,,,true,true,,,,,true,,,true,,,true,,,,,,,,,,,,,,,,,,,,,,,,,,,,,,true,,,,,,,,,,,,,,,,,,,,,,,,,,,,,,,,,,,,,,,,,,,,,,,,,,
146,1025,280,0,745,0,0,0,0,0,45676830,Apartment in Cali,01/18/25 - 01/21/25,310,99,57,4.95,4.95 (150),6,https://www.airbnb.com/rooms/45676830?check_in=2025-01-19&check_out=2025-01-22&guests=1&adults=1,84,3,253,0.8161290322580645,57,0,57,0.18387096774193548,,true,true,true,true,true,,,,,,false,,,true,,,,,,,,,,,,true,,true,,,,,,,,,,,true,,,,,,,,,,,,,,,,,,,,,,,,true,true,,,,,,,,,,,,,,,,,,,,,,,,,,,,,,,,,,,,,,,,,,,,,,,,
147,1025,320,0,705,0,0,0,0,0,1127745124017651519,Apartment in Cali,01/18/25 - 01/21/25,258,91,55,4.87,4.87 (46),14,https://www.airbnb.com/rooms/1127745124017651519?check_in=2025-01-19&check_out=2025-01-22&guests=1&adults=1,79,3,236,0.9147286821705426,22,0,22,0.08527131782945736,,true,,,,,,,,,,,,,,,,,,,,,,,,,,,,,,,,,,,,,,,,,,,,,,,,,,,,,,,,,,,,,,,,,,,,,,,,,,,,,,,,,,,,,,,,,,,,,,,,,,,,,,,,,,,,,,,
148,1025,420,0,605,0,0,0,0,0,1315536608208014736,Apartment in Cali,01/18/25 - 01/21/25,174,71,39,,New,34,https://www.airbnb.com/rooms/1315536608208014736?check_in=2025-01-19&check_out=2025-01-22&guests=1&adults=1,53,3,200,1.1494252873563218,14,0,14,0.08045977011494253,,,,true,true,,,true,true,true,,false,,,true,,true,,true,,true,,,,,,,,,,,,,,,,,,,,,,,,,,,,,,,,,,,,,,,,,,,,,,,,,,,,,,,,,,,,,,,,,,,,,,,,,,,,,,,,,,,,,,,,,,,,
149,1015,300,0,715,0,0,0,0,0,786477414852632717,Apartment in Granada,01/18/25 - 01/21/25,278,95,51,4.89,4.89 (46),12,https://www.airbnb.com/rooms/786477414852632717?check_in=2025-01-19&check_out=2025-01-22&guests=1&adults=1,74,3,221,0.7949640287769785,18,39,57,0.20503597122302158,,true,,,,,,,,,,,,,,,,,,,,,,,,,,,,,,,,,,,,,,,,,,,,,,,,,,,,,,,,,,,,,,,,,,,,,,,,,,,,,,,,,,,,,,,,,,,,,,,,,,,,,,,,,,,,,,,
150,1010,405,0,605,0,0,0,0,0,1315243552607275912,Apartment in Granada,01/18/25 - 01/21/25,178,74,40,,New,34,https://www.airbnb.com/rooms/1315243552607275912?check_in=2025-01-19&check_out=2025-01-22&guests=1&adults=1,54,3,161,0.9044943820224719,17,0,17,0.09550561797752809,,,,true,true,true,true,true,true,,,false,false,,,,,,true,,,,,,,,,,,,,,,,,true,,true,,,,,,,,,,,,,,,,,,,,,,,,,,,,,,,,,,,,,,,,,,,,,,,,,,,,,,,,,,,,,,,,,,,,,,,,,,,
151,1005,310,0,695,0,0,0,0,0,753782385274917565,Apartment in Cali,01/18/25 - 01/21/25,274,93,54,4.85,4.85 (54),16,https://www.airbnb.com/rooms/753782385274917565?check_in=2025-01-19&check_out=2025-01-22&guests=1&adults=1,78,3,234,0.8540145985401459,40,0,40,0.145985401459854,,true,true,true,,true,,,true,,,false,,,true,,,,,,true,true,,,,,,,,,,,true,true,,,,,,,,,,,,,,,,,,,,,,,,,,,,,,,,,,,,,,,,,,,,,,,,,,,,,,,,,,,,,,,true,,,,,,,,,,,,,,,,
152,1005,400,0,605,0,0,0,0,0,1316078475181255756,Apartment in Granada,01/18/25 - 01/21/25,182,75,41,,New,34,https://www.airbnb.com/rooms/1316078475181255756?check_in=2025-01-19&check_out=2025-01-22&guests=1&adults=1,55,3,165,0.9065934065934066,17,0,17,0.09340659340659341,,,,true,true,true,true,true,true,,,false,false,,,,,,true,,,,,,,,,,,,,,,,,true,,true,,,,,,,,,,,,,,,,,,,,,,,,,,,,,,,,,,,,,,,,,,,,,,,,,,,,,,,,,,,,,,,,,,,,,,,,,,,
153,1000,395,0,605,0,0,0,0,0,1318143577639745427,Apartment in Cali,01/18/25 - 01/21/25,185,76,42,,New,34,https://www.airbnb.com/rooms/1318143577639745427?check_in=2025-01-19&check_out=2025-01-22&guests=1&adults=1,56,3,167,0.9027027027027027,18,0,18,0.0972972972972973,,,,true,true,true,true,true,true,,,false,,,,,,,,,true,,,,,,,,true,,,,,,,true,,,,,,,,,,,,,,,,,,,,,,,,,true,,,,,,,,,,,,,,,,,,,,,,,,,,,,,,,,,,,,,,,,,,,,,,,,,,,,
154,1000,395,0,605,0,0,0,0,0,1307611633668207503,Apartment in Cali,01/18/25 - 01/21/25,185,76,42,,New,34,https://www.airbnb.com/rooms/1307611633668207503?check_in=2025-01-19&check_out=2025-01-22&guests=1&adults=1,56,3,167,0.9027027027027027,18,0,18,0.0972972972972973,,,,,,,,,,,,,,,,,,,,,,,,,,,,,,,,,,,,true,,,,,,,,,,,,,,,,,,,,,,,,,,,,,,,,,,,,,,,,,,,,,,,,,,,,,,,,,,,,,,,,,,,,,,,,,,,,,