rank,totalRankScore,totalPriceRankScore,nightlyRateScore,reviewRankScore,rareFindScore,acScore,wifiScore,guestFavoriteScore,superhostScore,id,title,dates,totalPrice,totalPriceRank,nightlyRateRank,reviewScore,reviewScoreString,reviewScoreRank,url,nightlyRateDisplay,nights,nightlyTotalDisplay,nightlyTotalDisplayPercent,cleaningFee,airbnbFee,feeTotal,feePercent,beds,
1,535,265,0,270,0,0,0,0,0,1285703798253760087,Apartment in Ibagué,01/18/25 - 01/21/25,62,4,6,5,5.0 (12),1,https://www.airbnb.com/rooms/1285703798253760087?check_in=2025-01-19&check_out=2025-01-22&guests=1&adults=1,18,3,53,0.8548387096774190,0,9,9,0.14516129032258100,,TRUE,TRUE,TRUE,TRUE,TRUE,TRUE,TRUE,TRUE,TRUE,FALSE,FALSE,TRUE,,,,,,,,,,,,,,,,,,,,,,,,,,,,,,,,,,,,,,,,,,,,,,,,,,,,,,,,,,,,,,,,,,,,,,,,,,,,,,,,,,,,,,,,,,,,,,,,,,,,[object Object],1355
2,495,270,0,225,0,0,0,0,0,792053105057242262,Apartment in Ibagué,01/18/25 - 01/21/25,51,1,3,4.88,4.88 (109),10,https://www.airbnb.com/rooms/792053105057242262?check_in=2025-01-19&check_out=2025-01-22&guests=1&adults=1,15,3,49,0.9607843137254900,0,7,7,0.13725490196078400,,TRUE,TRUE,TRUE,TRUE,TRUE,,,,,FALSE,FALSE,TRUE,,,,,,TRUE,,,,,,,TRUE,,,,,,,,,,,,,,,,,,,TRUE,,,TRUE,,,,,,,,,,,,,,,,,,,,,,,,,,,,,,,,,,,,,,,,,,,,,,,,,,,,,,,,,,,,,,,,,[object Object],1325
3,490,260,0,230,0,0,0,0,0,831228160701677434,Apartment in Ibagué,01/18/25 - 01/21/25,64,5,6,4.89,4.89 (118),9,https://www.airbnb.com/rooms/831228160701677434?check_in=2025-01-19&check_out=2025-01-22&guests=1&adults=1,18,3,55,0.859375,0,9,9,0.140625,,TRUE,TRUE,TRUE,TRUE,,TRUE,,TRUE,,FALSE,FALSE,TRUE,,,,TRUE,,,,,,,,,,,TRUE,,,,,,,,TRUE,,,,,,,,,,,,,,,,,,,,,,,,,,,,,,,,,,,,,,,,,,,,,,,,,,,,,,,,,,,,,,,,,,,,,,,,,,,,,[object Object],1310
4,505,245,0,260,0,0,0,0,0,885794387576752192,Home in Ibagué,01/18/25 - 01/21/25,79,12,11,4.96,4.96 (50),3,https://www.airbnb.com/rooms/885794387576752192?check_in=2025-01-19&check_out=2025-01-22&guests=1&adults=1,23,3,68,0.8607594936708860,0,11,11,0.13924050632911400,3 beds,,,,,,,,,,,,TRUE,,,,,,,,,,,,,,,,,,,,,,,,,,,,,,,,,,,,,,,,,,,,,,,,,,,,,,,,,,,,,,,,,,,,,,,,,,,,,,,,,,,,,,,,,,,,,,,,,,,,[object Object],1305
5,480,255,0,225,0,0,0,0,0,810201631828239157,Apartment in Ibagué,01/18/25 - 01/21/25,65,6,2,4.88,4.88 (8),10,https://www.airbnb.com/rooms/810201631828239157?check_in=2025-01-19&check_out=2025-01-22&guests=1&adults=1,13,3,45,0.6923076923076920,15,9,24,0.36923076923076900,,,,,,,,,,,,,TRUE,,,,,,,,,,,,,,,,,,,,,,,,,,,,,,,,,,,,,,,,,,,,,,,,,,,,,,,,,,,,,,,,,,,,,,,,,,,,,,,,,,,,,,,,,,,,,,,,,,,,[object Object],1300
6,175,,,85,,,,,,855084209260649345,Apartment in Ibagué,01/18/25 - 01/21/25,55,2,1,4.83,4.83 (41),15,https://www.airbnb.com/rooms/855084209260649345?check_in=2025-01-19&guests=1&adults=1&check_out=2025-01-22,11,3,34,0.6181818181818180,13,8,21,0.38181818181818200,,,TRUE,TRUE,,,,,,TRUE,FALSE,,,,,,,,TRUE,,,,,,,TRUE,,,,,,,,,,,,,,,,,,,,,,,,,,,,,,,,,,,,,90,1,,,,,,,,,,,,,,,,,,,,,TRUE,TRUE,TRUE,,,,,,,,,,,,,,,,,,,,,,,,,,[object Object],1295
7,485,240,0,245,0,0,0,0,0,956593270887743953,Apartment in Ibagué,01/18/25 - 01/21/25,81,13,8,4.93,4.93 (14),6,https://www.airbnb.com/rooms/956593270887743953?check_in=2025-01-19&check_out=2025-01-22&guests=1&adults=1,20,3,59,0.7283950617283950,11,11,22,0.2716049382716050,,TRUE,TRUE,TRUE,,TRUE,TRUE,,TRUE,TRUE,FALSE,,TRUE,,,,TRUE,,,,,,,,,,,,,,,,,,,TRUE,,,,,,,,,,,,,,,,,,,,,,,,,,,,,,,,,,,,,,,,,,,,,,,,,,,,,,,,,,,,,,,,,,,,,,,,,,,,,[object Object],1285
8,475,265,0,210,0,0,0,0,0,1273198619387974010,Apartment in Ibagué,01/18/25 - 01/21/25,62,4,6,4.83,4.83 (24),15,https://www.airbnb.com/rooms/1273198619387974010?check_in=2025-01-19&check_out=2025-01-22&guests=1&adults=1,18,3,53,0.8548387096774190,0,9,9,0.14516129032258100,,TRUE,TRUE,TRUE,TRUE,TRUE,TRUE,,TRUE,TRUE,FALSE,FALSE,TRUE,,,,,,,,,,,,,,,TRUE,,,,,,,,,,,,,,,,,,,,,,,,,,,,,,,,,,,,,,,,,,,,,,,,,,,,,,,,,,,,,,,,,,,,,,,,,,,,,,,,,,,,,[object Object],1285
9,140,,,50,,,,,,642087228308028536,Guest suite in Ibagué,01/18/25 - 01/21/25,59,3,5,4.81,4.81 (162),16,https://www.airbnb.com/rooms/642087228308028536?check_in=2025-01-19&guests=1&adults=1&check_out=2025-01-22,17,3,51,0.864406779661017,0,8,8,0.13559322033898300,,,TRUE,TRUE,TRUE,,,,,,FALSE,FALSE,,TRUE,,TRUE,,,,,,,,,,,,,,,,,,,,,,,,,,,,,,,,,,,,,,,,,,,,,,,90,4,,,,,,,,,,,,,,,,,,,,,,,,,,,,,,,,,,,,,,,,,TRUE,TRUE,TRUE,,,,,,[object Object],1285
10,485,235,0,250,0,0,0,0,0,1040921888337148244,Apartment in Ibagué,01/18/25 - 01/21/25,85,15,10,4.94,4.94 (35),5,https://www.airbnb.com/rooms/1040921888337148244?check_in=2025-01-19&check_out=2025-01-22&guests=1&adults=1,22,3,65,0.7647058823529410,8,12,20,0.23529411764705900,,,,,,,,,,,,,TRUE,,,,,,,,,,,,,,,,,,,,,,,,,,,,,,,,,,,,,,,,,,,,,,,,,,,,,,,,,,,,,,,,,,,,,,,,,,,,,,,,,,,,,,,,,,,,,,,,,,,,[object Object],1280
11,155,,,65,,,,,,582509121729798939,Apartment in Ibagué,01/18/25 - 01/21/25,65,6,4,4.84,4.84 (67),14,https://www.airbnb.com/rooms/582509121729798939?check_in=2025-01-19&guests=1&adults=1&check_out=2025-01-22,16,3,47,0.7230769230769230,18,0,18,0.27692307692307700,,,TRUE,TRUE,TRUE,,,,,TRUE,FALSE,FALSE,,,,,,,TRUE,,,,,,TRUE,TRUE,,,,,,,,,,,,TRUE,,,,,,,,,,,,,,,,,,,,,,,,,90,2,,,,,,,,,,,,,,,,,,,,,,,,,,,,,,,,,,,,,,,,,,,,,,,,,[object Object],1280
12,160,,,75,,,,,,1203186482684975382,Apartment in Ibagué,01/18/25 - 01/21/25,67,7,7,4.8,4.8 (15),17,https://www.airbnb.com/rooms/1203186482684975382?check_in=2025-01-19&guests=1&adults=1&check_out=2025-01-22,19,3,58,0.8656716417910450,0,9,9,0.13432835820895500,,,TRUE,TRUE,TRUE,TRUE,TRUE,,,TRUE,FALSE,,,,,,,,TRUE,,,,,,,,,,,,,,,,,,,,,,,,,,,,,,,,,,,,,,,,,,,,85,1,,,,,,,,,,,,,,,,,,,,,,,,,,,,,,,,,,,,,,,,,,,,,,,,,[object Object],1260
13,145,,,60,,,,,,1262366402462522053,Apartment in Ibagué,01/18/25 - 01/21/25,69,8,6,4.8,4.8 (10),17,https://www.airbnb.com/rooms/1262366402462522053?check_in=2025-01-19&guests=1&adults=1&check_out=2025-01-22,18,3,54,0.782608695652174,5,10,15,0.21739130434782600,,,TRUE,TRUE,TRUE,,TRUE,,,,FALSE,FALSE,,,,,TRUE,,,,,,,,,,,,,,,,,,,,,,,,,,,,,,,,,,,,,,,,,,,,,,85,4,,,,,,,,,,,,,,,,,,,,,,,,,,,,,,,,,,,,,,,,,,,,,,,,,[object Object],1255
14,155,,,75,,,,,,857282765897902873,Apartment in Ibagué,01/18/25 - 01/21/25,75,9,7,4.8,4.8 (54),17,https://www.airbnb.com/rooms/857282765897902873?check_in=2025-01-19&guests=1&adults=1&check_out=2025-01-22,19,3,56,0.7466666666666670,8,11,19,0.25333333333333300,2 beds,,TRUE,TRUE,TRUE,,,,,TRUE,FALSE,FALSE,,,,TRUE,,,,,,TRUE,,,,,TRUE,,,,,,,,,,,,,,,,,,,,,,,,,,,,,,,,,,,,80,3,,,,,,,,,,,,,,,,,,,,,,,,,,,,,,,,,,TRUE,,,,,,,,,,,,,,,[object Object],1250
15,160,,,70,,,,,,908766605801975190,Apartment in Ibagué,01/18/25 - 01/21/25,65,6,4,4.77,4.77 (31),20,https://www.airbnb.com/rooms/908766605801975190?check_in=2025-01-19&guests=1&adults=1&check_out=2025-01-22,16,3,47,0.7230769230769230,18,0,18,0.27692307692307700,,,TRUE,TRUE,TRUE,,TRUE,,,TRUE,FALSE,FALSE,,,,,TRUE,,TRUE,,,,,,,,,,,,,,,,,,,TRUE,,,,,,,,,,,,,,,,,,,,,,,,,90,2,,,,,,,,,,,,,,,,,,,,,,,,,,,,,,,,,,,,,,,,,,,,,,,,,[object Object],1250
16,455,230,0,225,0,0,0,0,0,917541954521576758,Apartment in Ibagué,01/18/25 - 01/21/25,88,17,7,4.88,4.88 (49),10,https://www.airbnb.com/rooms/917541954521576758?check_in=2025-01-19&check_out=2025-01-22&guests=1&adults=1,19,3,58,0.6590909090909090,18,12,30,0.3409090909090910,1 bed,TRUE,,TRUE,,,TRUE,,,TRUE,FALSE,FALSE,TRUE,,,,,,TRUE,,,,,,,,,,,,,,,,,TRUE,,,,,,,,,,,,,,,,,,,,,,,,,,,,,,,,,,,,,,,,,,,,,,,,,,,,,,,,,,,,,,,,,,,,,,,,,,,,,[object Object],1245
17,480,210,0,270,0,0,0,0,0,1112437545391181322,Apartment in Ibagué,01/18/25 - 01/21/25,99,27,13,5,5.0 (29),1,https://www.airbnb.com/rooms/1112437545391181322?check_in=2025-01-19&check_out=2025-01-22&guests=1&adults=1,25,3,76,0.7676767676767680,9,14,23,0.23232323232323200,2 beds,,,,,,,,,,,,TRUE,,,,,,,,,,,,,,,,,,,,,,,,,,,,,,,,,,,,,,,,,,,,,,,,,,,,,,,,,,,,,,,,,,,,,,,,,,,,,,,,,,,,,,,,,,,,,,,,,,,,[object Object],1240
18,450,225,0,225,0,0,0,0,0,1269765672487496429,Apartment in Ibagué,01/18/25 - 01/21/25,90,19,12,4.88,4.88 (17),10,https://www.airbnb.com/rooms/1269765672487496429?check_in=2025-01-19&check_out=2025-01-22&guests=1&adults=1,24,3,72,0.8,5,13,18,0.2,,TRUE,TRUE,TRUE,TRUE,TRUE,TRUE,,,TRUE,FALSE,,TRUE,TRUE,,TRUE,,,,,,,,,,,,,,,TRUE,,,,,,,,,,,,,,,,,,,,,,,,,,,,,,,,,,,,,,,,,,,,,,,,,,,,,,,,,,,,,,,,,,,,,,,,,,,,,,,,,,[object Object],1235
19,450,215,0,235,0,0,0,0,0,1222029458604571125,Apartment in Ibagué,01/18/25 - 01/21/25,93,22,11,4.91,4.91 (11),8,https://www.airbnb.com/rooms/1222029458604571125?check_in=2025-01-19&check_out=2025-01-22&guests=1&adults=1,23,3,69,0.7419354838709680,11,13,24,0.25806451612903200,,TRUE,TRUE,TRUE,TRUE,TRUE,TRUE,,,,FALSE,FALSE,TRUE,TRUE,,,,TRUE,TRUE,,,,,,,,,,,,,,,,,,,,,,,,,,,,,,,,,,,,,,,,,,,,,,,,,,,,,,,,,,,,,,,,,,,,,,,,,,,,,,,,,,,,,,,,,,,,,,[object Object],1230
20,155,,,75,,,,,,984385608804722627,Apartment in Ibagué,01/18/25 - 01/21/25,85,15,10,4.8,4.8 (5),17,https://www.airbnb.com/rooms/984385608804722627?check_in=2025-01-19&guests=1&adults=1&check_out=2025-01-22,22,3,65,0.7647058823529410,8,12,20,0.23529411764705900,,,TRUE,TRUE,,,TRUE,,,TRUE,FALSE,FALSE,,,,,TRUE,,TRUE,,,,,,,,,,,,,,,,,,,,,,,,,,,,,,,,,,,,,,,,,,,,80,2,,,,,,,,,,,,,,,,,,,,,,,,,,,,,,,,,,,,,,,,,,,,,,,,,[object Object],1220
21,135,,,60,,,,,,991157864579138493,Apartment in Ibagué,01/18/25 - 01/21/25,76,10,4,4.75,4.75 (24),22,https://www.airbnb.com/rooms/991157864579138493?check_in=2025-01-19&guests=1&adults=1&check_out=2025-01-22,16,3,47,0.618421052631579,18,11,29,0.3815789473684210,2 beds,,TRUE,TRUE,TRUE,,TRUE,,,TRUE,,,,,,,TRUE,,TRUE,,,,,,,,,,,,,,,,,,,,,,,,,,,,,,,,,,,,,,,,,,,,75,7,,,,,,,,,,,,,,,,,,,,,,,,,,,,,,,,,,,,,,,,,,,,,,,,,[object Object],1220
22,470,200,0,270,0,0,0,0,0,1217354924298310825,Apartment in Ibagué,01/18/25 - 01/21/25,111,32,17,5,5.0 (13),1,https://www.airbnb.com/rooms/1217354924298310825?check_in=2025-01-19&check_out=2025-01-22&guests=1&adults=1,29,3,87,0.7837837837837840,8,16,24,0.21621621621621600,,TRUE,TRUE,TRUE,,TRUE,TRUE,,,TRUE,FALSE,,TRUE,TRUE,TRUE,TRUE,TRUE,,,,,,,,,,,,,,,,,,,,,,,,,,,,,,,,,,,,,,,,,,,,,,,,,,,,,,,,,,,,,,,,,,,,,,,,,,,,,,,,,,,,,,,,,,,,,,,,[object Object],1215
23,155,,,70,,,,,,39488623,Apartment in Ibagué,01/18/25 - 01/21/25,95,24,11,4.88,4.88 (66),10,https://www.airbnb.com/rooms/39488623?check_in=2025-01-19&guests=1&adults=1&check_out=2025-01-22,23,3,68,0.7157894736842110,14,13,27,0.28421052631578900,2 beds,,TRUE,TRUE,,TRUE,,,,,FALSE,FALSE,,,,TRUE,TRUE,,TRUE,,,,,,,,,,,,,,,,,TRUE,,,,,,,,,,,,,,,,,,TRUE,,,,,,,,,85,2,,,,,,,,,,,,,,,,,,,,,,,,,,,,,,,,,,,,,,,,,,,,,,,,,[object Object],1210
24,430,225,0,205,0,0,0,0,0,1243821045699954359,Apartment in Ibagué,01/18/25 - 01/21/25,90,19,12,4.81,4.81 (26),16,https://www.airbnb.com/rooms/1243821045699954359?check_in=2025-01-19&check_out=2025-01-22&guests=1&adults=1,24,3,72,0.8,5,13,18,0.2,,,,,,,,,,,,,TRUE,,,,,,,,,,,,,,,,,,,,,,,,,,,,,,,,,,,,,,,,,,,,,,,,,,,,,,,,,,,,,,,,,,,,,,,,,,,,,,,,,,,,,,,,,,,,,,,,,,,,[object Object],1205
25,465,195,0,270,0,0,0,0,0,1243413779012665727,Apartment in Ibagué,01/18/25 - 01/21/25,115,35,18,5,5.0 (18),1,https://www.airbnb.com/rooms/1243413779012665727?check_in=2025-01-19&check_out=2025-01-22&guests=1&adults=1,30,3,91,0.7913043478260870,8,16,24,0.20869565217391300,4 beds,TRUE,TRUE,TRUE,,TRUE,,,,TRUE,FALSE,FALSE,TRUE,TRUE,TRUE,,,TRUE,TRUE,,,,,,,,,,,,,,,,,,,,,,,,,,,,,,,,,,,,,,,,,,,,,,,,,,,,,,,,,,,,,,,,,,,,,,,,,,,,,,,,,,,,,,,,,,,,,,[object Object],1200
26,125,,,80,,,,,,1280557311139134916,Apartment in Ibagué,01/18/25 - 01/21/25,116,36,18,5,5.0 (6),1,https://www.airbnb.com/rooms/1280557311139134916?check_in=2025-01-19&guests=1&adults=1&check_out=2025-01-22,30,3,89,0.7672413793103450,11,16,27,0.23275862068965500,2 beds,,TRUE,TRUE,TRUE,TRUE,TRUE,,,TRUE,FALSE,FALSE,,,,,TRUE,,,,,,,,,,,,,,,,,,,,,,,,,,,,,,,,,,,,,,,,,,,,,,45,5,,,,,,TRUE,,,,,,,,,,,,,,,,,,,,,,,,,,,,,,,,,,,,,,,,,,,[object Object],1195
27,440,205,0,235,0,0,0,0,0,24581977,Apartment in Ibagué,01/18/25 - 01/21/25,106,29,15,4.91,4.91 (142),8,https://www.airbnb.com/rooms/24581977?check_in=2025-01-19&check_out=2025-01-22&guests=1&adults=1,27,3,82,0.7735849056603770,9,15,24,0.22641509433962300,,TRUE,TRUE,TRUE,TRUE,,,,,,FALSE,FALSE,TRUE,,,,,,TRUE,,,,,,,,,,,,,,,,,,,,,,,,,,,TRUE,,,,,,,,,,,,,,,,,,,,,,,,,,,,,,,,,,,,,,,,,,,,,,,,,,,,,,,,,,,,,,,,,,,[object Object],1195
28,155,,,90,,,,,,1197926858959403892,Apartment in Ibagué,01/18/25 - 01/21/25,91,20,9,4.8,4.8 (5),17,https://www.airbnb.com/rooms/1197926858959403892?check_in=2025-01-19&guests=1&adults=1&check_out=2025-01-22,21,3,62,0.6813186813186810,16,13,29,0.31868131868131900,,,TRUE,TRUE,TRUE,TRUE,TRUE,,,TRUE,FALSE,FALSE,,TRUE,,TRUE,,,,,,,,,,,,,,,,,,,,,,,,,,,,,,,,,,,,,,,,,,,,,,,65,3,,,,,,,,,,,,,,,,,,,,,,,,,,,,,,,,,,,,,,,,,,,,,,,,,[object Object],1195
29,435,250,0,185,0,0,0,0,0,49596559,Apartment in Ibagué,01/18/25 - 01/21/25,78,11,9,4.7,4.7 (63),26,https://www.airbnb.com/rooms/49596559?check_in=2025-01-19&check_out=2025-01-22&guests=1&adults=1,21,3,62,0.7948717948717950,5,11,16,0.20512820512820500,2 beds,,TRUE,TRUE,,TRUE,TRUE,,,,FALSE,FALSE,,TRUE,,TRUE,,,,TRUE,,TRUE,,,,,,,TRUE,,,,,,,,,,,,,,,,,,,,,,,,,,,,,,,,,,,,,,,,,,,,,,,,,,,,,,,,,,,,,,,,,,,,,,,,,,,,,,,,,,,,[object Object],1195
30,160,,,90,,,,,,1284094417579163615,Condo in Ibagué,01/18/25 - 01/21/25,119,38,22,5,5.0 (5),1,https://www.airbnb.com/rooms/1284094417579163615?check_in=2025-01-19&guests=1&adults=1&check_out=2025-01-22,34,3,102,0.8571428571428570,0,17,17,0.14285714285714300,,,TRUE,TRUE,TRUE,TRUE,TRUE,,,TRUE,FALSE,,,TRUE,,TRUE,,,,,,,,,,FALSE,,,,,,,,,,,,,,,,,,,,,,,,,,,,,,,,,,,,,70,3,,,,,,,,,,,,,,,,,,,,,,,,,,,,,,,,,,,,,,,,,,,,,,,,,[object Object],1185
31,145,,,80,,,,,,1300254776273918326,Apartment in Ibagué,01/18/25 - 01/21/25,119,38,22,5,5.0 (3),1,https://www.airbnb.com/rooms/1300254776273918326?check_in=2025-01-19&guests=1&adults=1&check_out=2025-01-22,34,3,102,0.8571428571428570,0,17,17,0.14285714285714300,,,TRUE,,,TRUE,,,,,FALSE,FALSE,,,,,,,TRUE,,,,,,,TRUE,,,,,,,,,,,,,,,,,,,,,,,,,,,,,,,,,,,,,65,3,,,,,,,TRUE,TRUE,TRUE,TRUE,,,,,,,,,,,,,,,,,,,,,,,,,,,,,,,,,,,,,,,[object Object],1185
32,140,,,90,,,,,,1220369890180046417,Apartment in Ibagué,01/18/25 - 01/21/25,119,38,22,5,5.0 (9),1,https://www.airbnb.com/rooms/1220369890180046417?check_in=2025-01-19&guests=1&adults=1&check_out=2025-01-22,34,3,102,0.8571428571428570,0,17,17,0.14285714285714300,,,TRUE,TRUE,TRUE,,TRUE,,,TRUE,FALSE,FALSE,,,,,TRUE,,,,,,,,,,,,,,,,,,,,,,,,,,,,,,,,,,,,,,,,,,,,,,50,4,,,,,,,,,,,,,,,,,,,,,,,,,,,,,,,,,,,,,,,,,,,,,,,,,[object Object],1185
33,140,,,90,,,,,,1220201994275049913,Apartment in Ibagué,01/18/25 - 01/21/25,119,38,22,5,5.0 (4),1,https://www.airbnb.com/rooms/1220201994275049913?check_in=2025-01-19&guests=1&adults=1&check_out=2025-01-22,34,3,102,0.8571428571428570,0,17,17,0.14285714285714300,,,TRUE,TRUE,TRUE,,TRUE,,,TRUE,FALSE,FALSE,,,,,TRUE,,,,,,,,,,,,,,,,,,,,,,,,,,,,,,,,,,,,,,,,,,,,,,50,5,,,,,,,,,,,,,,,,,,,,,,,,,,,,,,,,,,,,,,,,,,,,,,,,,[object Object],1185
34,455,185,0,270,0,0,0,0,0,1306121090571113296,Apartment in Ibagué,01/18/25 - 01/21/25,121,39,18,5,5.0 (4),1,https://www.airbnb.com/rooms/1306121090571113296?check_in=2025-01-19&check_out=2025-01-22&guests=1&adults=1,30,3,89,0.7355371900826450,15,17,32,0.2644628099173550,1 bed,,,,,,,,,,,,,,,,,,,TRUE,,,,,,,,,,,,,,,,,,,,,,,,,,,,,,,,,,,,,,,,,,,,,,,,,,,,,,,,,,,,,,,,,,,,,,,,,,,,,,,,,,,,,,,,,,,,,[object Object],1180
35,130,,,50,,,,,,802347501057179925,Loft in Ibagué,01/18/25 - 01/21/25,85,15,11,4.71,4.71 (7),25,https://www.airbnb.com/rooms/802347501057179925?check_in=2025-01-19&guests=1&adults=1&check_out=2025-01-22,23,3,68,0.8,5,12,17,0.2,2 beds,,TRUE,TRUE,TRUE,,,,,,FALSE,FALSE,,,,,,,TRUE,,,TRUE,,TRUE,,,,,,,,,,,,,,,,,,,,,,,,,,,,,,,,,,,,,,,80,4,,,,TRUE,,,,,,,,,,,,,,,,,,,,,,,,,,,,,,,,,,TRUE,,,,,,,,,,,[object Object],1180
36,450,180,0,270,0,0,0,0,0,1148572616491624267,Apartment in Ibagué,01/18/25 - 01/21/25,122,40,23,5,5.0 (14),1,https://www.airbnb.com/rooms/1148572616491624267?check_in=2025-01-19&check_out=2025-01-22&guests=1&adults=1,35,3,105,0.860655737704918,0,17,17,0.13934426229508200,1 bed,TRUE,TRUE,TRUE,TRUE,TRUE,TRUE,,,TRUE,FALSE,FALSE,TRUE,TRUE,,,,,TRUE,,,,,,,,,,,,,,,,,,,,,,,,,,,,,,,,,,,,,,,,,,,,,,,,,,,,,,,,,,,,,,,,,,,,,,,,,,,,,,,,,,,,,,,,,,,,,,[object Object],1175
37,140,,,75,,,,,,1024590029370802396,Apartment in Ibagué,01/18/25 - 01/21/25,119,38,22,4.96,4.96 (57),3,https://www.airbnb.com/rooms/1024590029370802396?check_in=2025-01-19&guests=1&adults=1&check_out=2025-01-22,34,3,102,0.8571428571428570,0,17,17,0.14285714285714300,,,TRUE,TRUE,,TRUE,TRUE,,,,FALSE,FALSE,,,,,,,,,,,,,,,,,,,,,,,,,,TRUE,,,,,,,,,,,,,,,,,,,,,,,,,65,4,,,,,,,,,,,,,TRUE,,,,,,,,,,,,,,,,,,,,,,,,,,,,,,,,,,,,[object Object],1175
38,430,200,0,230,0,0,0,0,0,851608245627854180,Apartment in Ibagué,01/18/25 - 01/21/25,111,32,17,4.89,4.89 (76),9,https://www.airbnb.com/rooms/851608245627854180?check_in=2025-01-19&check_out=2025-01-22&guests=1&adults=1,29,3,86,0.7747747747747750,9,16,25,0.22522522522522500,,TRUE,TRUE,TRUE,TRUE,TRUE,,,,TRUE,FALSE,FALSE,TRUE,,,TRUE,,,TRUE,,,,,,,,,,,,,,,,,,,,,,,,,,,,TRUE,,,,,,,,,,,,,,,,,,,,,,,,,,,,,,,,,,,,,,,,,,,,,,,,,,,,,,,,,,,,,,,,,,[object Object],1175
39,445,190,0,255,0,0,0,0,0,1042014041361999083,Apartment in Ibagué,01/18/25 - 01/21/25,119,38,17,4.95,4.95 (19),4,https://www.airbnb.com/rooms/1042014041361999083?check_in=2025-01-19&check_out=2025-01-22&guests=1&adults=1,29,3,110,0.9243697478991600,14,17,31,0.2605042016806720,,,,,,,,,,,,,TRUE,,,,,,,,,,,,,,,,,,,,,,,,,,,,,,,,,,,,,,,,,,,,,,,,,,,,,,,,,,,,,,,,,,,,,,,,,,,,,,,,,,,,,,,,,,,,,,,,,,,,[object Object],1170
40,435,195,0,240,0,0,0,0,0,729206177413070736,Condo in Ibagué,01/18/25 - 01/21/25,115,35,21,4.92,4.92 (12),7,https://www.airbnb.com/rooms/729206177413070736?check_in=2025-01-19&check_out=2025-01-22&guests=1&adults=1,33,3,99,0.8608695652173910,0,16,16,0.1391304347826090,,TRUE,TRUE,,,,,,,,,,TRUE,,,TRUE,,,,,,TRUE,,,,TRUE,,TRUE,,,,,,,,TRUE,,TRUE,TRUE,TRUE,TRUE,,,,,,,,,,,,,,,,,,,,,,,,,,,,,,,,,,,,,,,,,,,,,,,,,,,,,,,,,,,,,,,,,,,,,,,,[object Object],1170
41,120,,,70,,,,,,1207520945103026129,Apartment in Ibagué,01/18/25 - 01/21/25,113,33,17,4.89,4.89 (9),9,https://www.airbnb.com/rooms/1207520945103026129?check_in=2025-01-19&guests=1&adults=1&check_out=2025-01-22,29,3,86,0.7610619469026550,11,16,27,0.23893805309734500,3 beds,,TRUE,TRUE,,,TRUE,,,,FALSE,FALSE,,,,,,,TRUE,,,,,TRUE,,TRUE,,,,,,,,,,,,TRUE,,,,,,,,,,,,,,,,,,,,,,,,,50,6,,,,,,,,,,,,,,,,,,,,,,,,,,,,,,,,,,,,,,,,,,,,,,,,,[object Object],1170
42,140,,,80,,,,,,45882523,Loft in Ibagué,01/18/25 - 01/21/25,107,30,19,4.86,4.86 (14),12,https://www.airbnb.com/rooms/45882523?check_in=2025-01-19&guests=1&adults=1&check_out=2025-01-22,31,3,92,0.8598130841121500,0,15,15,0.14018691588785000,,,TRUE,TRUE,,,TRUE,,,TRUE,FALSE,,,,,,,,,,,,,,,,,,,,,,,,,,,,,,,,,,,,,,,,,,,,,,,,,,,,60,6,,,,,,,,,,,,,,,,,,,,,,,,,,,,,,TRUE,TRUE,,,,,,,,,,,,,,,,,,[object Object],1170
43,145,,,80,,,,,,562031244464097887,Apartment in Ibagué,01/18/25 - 01/21/25,98,26,13,4.81,4.81 (21),16,https://www.airbnb.com/rooms/562031244464097887?check_in=2025-01-19&guests=1&adults=1&check_out=2025-01-22,25,3,75,0.7653061224489800,9,14,23,0.23469387755102000,,,TRUE,TRUE,,TRUE,TRUE,,,TRUE,FALSE,FALSE,,,,,TRUE,,TRUE,,,,,,,,,,,,,,,,,,,,,,,,,,,,,,,,,,,,,,,,,,,,65,3,,,,,,,,,,,,,,,,,,,,,,,,,,,,,,,,,,,,,,,,,,,,,,,,,[object Object],1170
44,140,,,90,,,,,,1216653221262422971,Apartment in Ibagué,01/18/25 - 01/21/25,109,31,16,4.86,4.86 (7),12,https://www.airbnb.com/rooms/1216653221262422971?check_in=2025-01-19&guests=1&adults=1&check_out=2025-01-22,28,3,85,0.7798165137614680,9,15,24,0.22018348623853200,,,TRUE,TRUE,TRUE,TRUE,TRUE,,TRUE,TRUE,,,,,,,TRUE,,,,,,,,,,,,,,,,,,,,,TRUE,,,,,,,,,,,,,,,,,,,,,,,,,50,5,,,,,,,,,,,,,,,,,,,,TRUE,,,,,,,,,,,,,,,,,,,,,,,,,,,,,[object Object],1165
45,140,,,60,,,,,,826292319849945759,Apartment in Ibagué,01/18/25 - 01/21/25,99,27,10,4.81,4.81 (53),16,https://www.airbnb.com/rooms/826292319849945759?check_in=2025-01-19&guests=1&adults=1&check_out=2025-01-22,22,3,67,0.6767676767676770,18,14,32,0.32323232323232300,4 beds,,TRUE,TRUE,TRUE,,,,,TRUE,FALSE,FALSE,,,,,,,TRUE,,,,,,,TRUE,,,,,,,,,,,,,,,,TRUE,,,,,,,,,,,,,,,,,,,,,80,5,,,,,,,,,,,,,,,TRUE,,,,,,,,,,,,,,,,,,,,,,,,,,,,,,,,,,[object Object],1165
46,110,,,50,,,,,,968289917643663880,Apartment in Ibagué,01/18/25 - 01/21/25,93,22,16,4.74,4.74 (34),23,https://www.airbnb.com/rooms/968289917643663880?check_in=2025-01-19&guests=1&adults=1&check_out=2025-01-22,28,3,85,0.9139784946236560,8,0,8,0.08602150537634410,,,TRUE,TRUE,TRUE,TRUE,,,,TRUE,,,,,,,TRUE,,TRUE,,,,,,,,,,,,,,,,,,,,,,,,,,,,,,,,,,,TRUE,,,,,,,,,60,7,,,,,,,,,TRUE,,,,,,,,,,,,,,,,,,,,,,,,TRUE,,,,,,,,,,,,,,,,[object Object],1155
47,95,,,20,,,,,,51287531,Condo in Ibagué,01/18/25 - 01/21/25,76,10,7,4.59,4.59 (150),35,https://www.airbnb.com/rooms/51287531?check_in=2025-01-19&guests=1&adults=1&check_out=2025-01-22,19,3,58,0.7631578947368420,7,11,18,0.23684210526315800,,,TRUE,TRUE,TRUE,,TRUE,,,TRUE,FALSE,FALSE,,,,,,,TRUE,,,,,,,,,,,,,,,,,,,,,,,,,,,,,,,,,,,,,,,,,,,,75,14,,,,,,,,,TRUE,,,,,,,,,,,,,,,,,,,,,,,,,,,,TRUE,,,,,,,,,,,,[object Object],1155
48,430,160,0,270,0,0,0,0,0,1184149691220047184,Apartment in Ibagué,01/18/25 - 01/21/25,133,45,22,5,5.0 (20),1,https://www.airbnb.com/rooms/1184149691220047184?check_in=2025-01-19&check_out=2025-01-22&guests=1&adults=1,34,3,103,0.7744360902255640,11,19,30,0.22556390977443600,,TRUE,TRUE,TRUE,TRUE,TRUE,TRUE,,,TRUE,FALSE,FALSE,TRUE,,,,TRUE,,TRUE,,,,,,,,,,,,,,,,,,,,,,,,,,,,,,,,,,,,,,,,,,,,,,,,,,,,,,,,,,,,,,,,,,,,,,,,,,,,,,,,,,,,,,,,,,,,,,[object Object],1150
49,430,160,0,270,0,0,0,0,0,1251446988476843496,Apartment in Ibagué,01/18/25 - 01/21/25,133,45,26,5,5.0 (3),1,https://www.airbnb.com/rooms/1251446988476843496?check_in=2025-01-19&check_out=2025-01-22&guests=1&adults=1,38,3,114,0.8571428571428570,0,19,19,0.14285714285714300,2 beds,,TRUE,TRUE,TRUE,TRUE,TRUE,,,TRUE,,,,TRUE,,,,TRUE,TRUE,,TRUE,,,,,,,,,,,,,,,,,,,,,,,,,,,,,,,,,,,,,,,,,,,,,,,,,,,,,,,,,,,,,,,,,,,,,,,,,,,,,,,,,,,,,,,,,,,,[object Object],1150
50,425,175,0,250,0,0,0,0,0,920943384520791693,Condo in Ibagué,01/18/25 - 01/21/25,125,41,19,4.94,4.94 (33),5,https://www.airbnb.com/rooms/920943384520791693?check_in=2025-01-19&check_out=2025-01-22&guests=1&adults=1,31,3,93,0.744,14,18,32,0.256,1 double bed,,,,,,,,,,,,TRUE,,,,,,,,,,,,,,,,,,,,,,,,,,,,,,,,,,,,,,,,,,,,,,,,,,,,,,,,,,,,,,,,,,,,,,,,,,,,,,,,,,,,,,,,,,,,,,,,,,,,[object Object],1150
51,110,,,40,,,,,,1049998954903869027,Apartment in Ibagué,01/18/25 - 01/21/25,87,16,13,4.65,4.65 (37),31,https://www.airbnb.com/rooms/1049998954903869027?check_in=2025-01-19&guests=1&adults=1&check_out=2025-01-22,25,3,75,0.8620689655172410,0,12,12,0.13793103448275900,,,TRUE,TRUE,,TRUE,TRUE,,,TRUE,FALSE,FALSE,,,,,TRUE,,,,,,,,,,,,,,,,,,,,,,,,,,,,,,,,,,,,,,,,,,,,,,70,8,,,,,,,,,,,,,,,,,,,,,,,,,,,,,,,,,,,,,,,,,,,,,,,,,[object Object],1145
52,405,170,0,235,0,0,0,0,0,39729006,Apartment in Ibagué,01/18/25 - 01/21/25,126,42,19,4.91,4.91 (57),8,https://www.airbnb.com/rooms/39729006?check_in=2025-01-19&check_out=2025-01-22&guests=1&adults=1,31,3,93,0.7380952380952380,15,18,33,0.2619047619047620,,TRUE,TRUE,TRUE,TRUE,TRUE,TRUE,,,,FALSE,FALSE,TRUE,,,,,,,,,,,,,TRUE,,TRUE,,,,,,,,TRUE,,,,,,,,,,,,,,,,,,,,,,,,,,,,,,,,,,,,,,,,,,,,,,,,,,,,,,,,,,,,,,,,,,,,,,,,,,,,,[object Object],1130
53,110,,,30,,,,,,1091429316089057922,Apartment in Ibagué,01/18/25 - 01/21/25,79,12,8,4.4,4.4 (10),39,https://www.airbnb.com/rooms/1091429316089057922?check_in=2025-01-19&guests=1&adults=1&check_out=2025-01-22,20,3,61,0.7721518987341770,7,11,18,0.22784810126582300,2 beds,,TRUE,TRUE,,TRUE,TRUE,,,,FALSE,,,TRUE,,TRUE,TRUE,,TRUE,,,,,,,,,,,,,,,,,,,TRUE,,,,,,,,,,,,,,,,,,,,,,,,,80,9,,,,,,,,,,,,,,,,,,,,,,,,,,,,,,,,,,,,,,,,,,,,,,,,,[object Object],1125
54,125,,,90,,,,,,935715616156875867,Apartment in Ibagué,01/18/25 - 01/21/25,143,51,29,5,5.0 (7),1,https://www.airbnb.com/rooms/935715616156875867?check_in=2025-01-19&guests=1&adults=1&check_out=2025-01-22,41,3,123,0.8601398601398600,0,20,20,0.13986013986014000,,,TRUE,TRUE,TRUE,TRUE,TRUE,,,,FALSE,FALSE,,,,,TRUE,,,,,,,,,,,,,,,,,,,,,,,,,,,,,,,,,,,,,,,,,,,,,,35,8,,,,,,,,,,,,,,,,,,,,,,,,,,,,,,,,,,,,,,,,,,,,,,,,,[object Object],1120
55,125,,,85,,,,,,595019833955254073,Apartment in Ibagué,01/18/25 - 01/21/25,133,45,22,4.92,4.92 (12),7,https://www.airbnb.com/rooms/595019833955254073?check_in=2025-01-19&guests=1&adults=1&check_out=2025-01-22,34,3,102,0.7669172932330830,12,19,31,0.23308270676691700,,,TRUE,TRUE,TRUE,TRUE,,,,TRUE,,,,TRUE,,TRUE,,,,,,TRUE,,,,,,,TRUE,,,,,,,,,,,,,,,,,TRUE,,,,,,,,,,,,,,,,,40,9,,,,,,,,,,,,,,,,,,,,,,,,,,,,,,,,,,,,,,,,,,,,,,,,,[object Object],1120
56,105,,,65,,,,,,45685560,Loft in Ibagué,01/18/25 - 01/21/25,119,38,22,4.84,4.84 (32),14,https://www.airbnb.com/rooms/45685560?check_in=2025-01-19&guests=1&adults=1&check_out=2025-01-22,34,3,102,0.8571428571428570,0,17,17,0.14285714285714300,,,TRUE,TRUE,,,TRUE,,TRUE,TRUE,FALSE,,,,,,,,,,,,,,,,,,,,,,,,,,,,,,,,,,,,,,,,,,,,,,,,,,,,40,10,,,,,,,,,,,,,TRUE,,,,,,,,,,,,,,,,,TRUE,TRUE,,,,,,,,,,,,,,,,,,[object Object],1120
57,110,,,40,,,,,,1209232902296393428,Apartment in Ibagué,01/18/25 - 01/21/25,89,18,13,4.6,4.6 (10),34,https://www.airbnb.com/rooms/1209232902296393428?check_in=2025-01-19&guests=1&adults=1&check_out=2025-01-22,25,3,76,0.8539325842696630,0,13,13,0.14606741573033700,,,TRUE,TRUE,TRUE,TRUE,TRUE,,,TRUE,FALSE,FALSE,,TRUE,,,TRUE,,,,,,,,,,,,,,,,,,,,,,,,,,,,,,,,,,,,,,,,,,,,,,70,12,,,,,,,,,,,,,,,,,,,,,,,,,,,,,,,,,,,,,,,,,,,,,,,,,[object Object],1120
58,410,140,0,270,0,0,0,0,0,1252419475714530650,Apartment in Ibagué,01/18/25 - 01/21/25,144,52,29,5,5.0 (15),1,https://www.airbnb.com/rooms/1252419475714530650?check_in=2025-01-19&check_out=2025-01-22&guests=1&adults=1,41,3,124,0.8611111111111110,0,20,20,0.1388888888888890,2 beds,,,,,,,,,,,,TRUE,,,,,,,,,,,,,,,,,,,,,,,,,,,,,,,,,,,,,,,,,,,,,,,,,,,,,,,,,,,,,,,,,,,,,,,,,,,,,,,,,,,,,,,,,,,,,,,,,,,,[object Object],1115
59,110,,,45,,,,,,45250751,Apartment in Ibagué,01/18/25 - 01/21/25,98,26,13,4.69,4.69 (32),27,https://www.airbnb.com/rooms/45250751?check_in=2025-01-19&guests=1&adults=1&check_out=2025-01-22,25,3,75,0.7653061224489800,9,14,23,0.23469387755102000,,,TRUE,TRUE,TRUE,,TRUE,,,,FALSE,FALSE,,,,,TRUE,,TRUE,,,,,,,,,,,,,,,,TRUE,,,,,,,,,,,,,,,,,,,,,,,,,,,,65,11,,,,,,,,,,,,,,,,,,,,,,,,,,,,,,,,,,,,TRUE,,,,,,,,,,,,,[object Object],1115
60,405,135,0,270,0,0,0,0,0,846235779633750241,Apartment in Ibagué,01/18/25 - 01/21/25,146,53,26,5,5.0 (20),1,https://www.airbnb.com/rooms/846235779633750241?check_in=2025-01-19&check_out=2025-01-22&guests=1&adults=1,38,3,114,0.7808219178082190,11,21,32,0.2191780821917810,3 beds,,,,,,,,,,,,TRUE,,,,,,,,,,,,,,,,,,,,,,,,,,,,,,,,,,,,,,,,,,,,,,,,,,,,,,,,,,,,,,,,,,,,,,,,,,,,,,,,,,,,,,,,,,,,,,,,,,,,[object Object],1110
61,160,,,85,,,,,,1323366294082446771,Apartment in Ibagué,01/18/25 - 01/21/25,83,14,12,,New,41,https://www.airbnb.com/rooms/1323366294082446771?check_in=2025-01-19&guests=1&adults=1&check_out=2025-01-22,24,3,89,1.072289156626510,0,12,12,0.14457831325301200,,,TRUE,TRUE,TRUE,TRUE,TRUE,,,TRUE,FALSE,FALSE,,TRUE,,,,,TRUE,,,,,,,,,,,,,,,,,,,,,,,,,,,,,,,,,,,,,,,,,,,,75,1,,,,,,,,,,,,,,,,,,,,,,,,,,,,,,,,,,,,,,,,,,,,,,,,,[object Object],1105
62,385,180,0,205,0,0,0,0,0,576895337660091643,Apartment in Ibagué,01/18/25 - 01/21/25,122,40,20,4.81,4.81 (75),16,https://www.airbnb.com/rooms/576895337660091643?check_in=2025-01-19&check_out=2025-01-22&guests=1&adults=1,32,3,96,0.7868852459016390,9,17,26,0.21311475409836100,2 beds,TRUE,TRUE,TRUE,TRUE,TRUE,,,,,FALSE,FALSE,TRUE,,TRUE,,,,,,,,,,,,,,TRUE,,,,,TRUE,,,,,,,,,,,,,,,TRUE,,,,,,,,,,,,,,,,,,,,,,,,,,,,,,,,,,,,,,,,,,,,,,,,,,,,,,,,,,,,,,,,[object Object],1100
63,400,130,0,270,0,0,0,0,0,1175649937226027532,Apartment in Ibagué,01/18/25 - 01/21/25,154,56,27,5,5.0 (5),1,https://www.airbnb.com/rooms/1175649937226027532?check_in=2025-01-19&check_out=2025-01-22&guests=1&adults=1,39,3,117,0.7597402597402600,15,22,37,0.24025974025974000,,,,,,,,,,,,,TRUE,,,,,,,,,,,,,,,,,,,,,,,,,,,,,,,,,,,,,,,,,,,,,,,,,,,,,,,,,,,,,,,,,,,,,,,,,,,,,,,,,,,,,,,,,,,,,,,,,,,,[object Object],1095
64,95,,,50,,,,,,858872830234860170,Apartment in Ibagué,01/18/25 - 01/21/25,133,45,24,4.86,4.86 (43),12,https://www.airbnb.com/rooms/858872830234860170?check_in=2025-01-19&guests=1&adults=1&check_out=2025-01-22,36,3,109,0.8195488721804510,5,19,24,0.18045112781954900,,,TRUE,TRUE,,TRUE,,,,,FALSE,,,,,TRUE,,,,,,,,,TRUE,,,,,TRUE,,,,,,,,,,,,,,,,,,,,TRUE,TRUE,,,,,,,,,,,,45,14,TRUE,,,,,,,,,,,,,,,,,,,,,,,,,,,,,,,,,,,,,,,,,,,,,,,,[object Object],1095
65,90,,,25,,,,,,47858680,Apartment in Ibagué,01/18/25 - 01/21/25,98,26,13,4.65,4.65 (63),31,https://www.airbnb.com/rooms/47858680?check_in=2025-01-19&guests=1&adults=1&check_out=2025-01-22,25,3,75,0.7653061224489800,9,14,23,0.23469387755102000,,,TRUE,TRUE,TRUE,,TRUE,,,TRUE,FALSE,FALSE,,,,,TRUE,,TRUE,,,,,,,,,,,,,,,,,,,,,,,,,,,,,,,,,,,,,,,,,,,,65,15,,,,,,,,,,,,,,,,,,,,,,,,,,,,,,,,,,,,TRUE,,,,,,,,,,,,,[object Object],1095
66,95,,,25,,,,,,965437054781522571,Apartment in Ibagué,01/18/25 - 01/21/25,115,35,18,4.72,4.72 (25),24,https://www.airbnb.com/rooms/965437054781522571?check_in=2025-01-19&guests=1&adults=1&check_out=2025-01-22,30,3,89,0.7739130434782610,10,16,26,0.22608695652173900,2 beds,,TRUE,TRUE,TRUE,TRUE,TRUE,,,,FALSE,FALSE,,TRUE,,,,TRUE,TRUE,,,,,,,,,,,,,,,,,,,,,,,,,,,,,,,,,,,,,,,,,,,,70,12,,,,,,,,,,,,,,,,,,,,,,,,,,,,,,,,,,,,,,,,,,,,,,,,,[object Object],1085
67,105,,,60,,,,,,868198113807806257,Apartment in Ibagué,01/18/25 - 01/21/25,113,33,19,4.7,4.7 (76),26,https://www.airbnb.com/rooms/868198113807806257?check_in=2025-01-19&guests=1&adults=1&check_out=2025-01-22,31,3,92,0.8141592920353980,5,16,21,0.18584070796460200,,,TRUE,TRUE,TRUE,TRUE,TRUE,,,,FALSE,FALSE,,,,,TRUE,,,,,,,,,,,,,,,,,,,,,,,,,,,,,,,,,,,,,,,,,,,,,,45,12,,,,,,,,,,,,,,,,,,,,,,,,,,TRUE,,,,,,,,,,,,,,,,,,,,,,,[object Object],1085
68,110,,,50,,,,,,850130845262246884,Apartment in Ibagué,01/18/25 - 01/21/25,99,27,13,4.64,4.64 (22),32,https://www.airbnb.com/rooms/850130845262246884?check_in=2025-01-19&guests=1&adults=1&check_out=2025-01-22,25,3,74,0.7474747474747480,11,14,25,0.25252525252525300,5 beds,,TRUE,TRUE,,TRUE,TRUE,,,,FALSE,,,,,TRUE,,TRUE,TRUE,,,,,,,,,,,,,,,,,TRUE,,,,,,,,,,,,,,,,,,,,,,,,,,,60,8,,,,,,,,,,,,,,,,,,,,,,,,,,TRUE,,,,,,,,,,,,,,,,,,,,,,,[object Object],1085
69,395,220,0,175,0,0,0,0,0,822005685861245995,Apartment in Ibagué,01/18/25 - 01/21/25,92,21,11,4.5,4.5 (42),38,https://www.airbnb.com/rooms/822005685861245995?check_in=2025-01-19&check_out=2025-01-22&guests=1&adults=1,23,3,69,0.75,10,13,23,0.25,3 beds,,TRUE,TRUE,,,,TRUE,,,FALSE,FALSE,,,,TRUE,,,TRUE,,,,,,,TRUE,,,TRUE,,,,,,,,,,,,,,,,,,,TRUE,,,,,,,,,,,,,,,,,,,,,,,,,,,,,,,,,,,,,,,,,,,,,,,,,,,,,,,,,,,,,,,,,[object Object],1085
70,125,,,90,,,,,,1258172839676377986,Apartment in Ibagué,01/18/25 - 01/21/25,157,59,29,5,5.0 (7),1,https://www.airbnb.com/rooms/1258172839676377986?check_in=2025-01-19&guests=1&adults=1&check_out=2025-01-22,41,3,122,0.7770700636942680,13,22,35,0.2229299363057330,,,TRUE,TRUE,TRUE,TRUE,TRUE,,,TRUE,,,,TRUE,,,TRUE,TRUE,TRUE,,,,,,,,,,,,,,,,,,,,,,,,,,,,,,,,,,,,,,,,,,,,35,8,,,,,,,,,,,,,,,,,,,,,,,,,,,,,,,,,,,,,,,,,,,,,,,,,[object Object],1080
71,75,,,20,,,,,,45192716,Apartment in Ibagué,01/18/25 - 01/21/25,98,26,13,4.6,4.6 (75),34,https://www.airbnb.com/rooms/45192716?check_in=2025-01-19&guests=1&adults=1&check_out=2025-01-22,25,3,75,0.7653061224489800,9,14,23,0.23469387755102000,,,TRUE,TRUE,TRUE,,,,,TRUE,FALSE,FALSE,,,,,TRUE,,TRUE,,,,,,TRUE,,,,,,,,,,TRUE,,,,,,,,,,,,,,,,,,,,,,,,,,,,55,14,,,,,,,,,,,,,,,,,,,,,,,,,,,,,,,,,,,,,,,,,,,,,,,,,[object Object],1080
72,110,,,55,,,,,,571824518598172342,Loft in Ibagué,01/18/25 - 01/21/25,118,37,18,4.72,4.72 (18),24,https://www.airbnb.com/rooms/571824518598172342?check_in=2025-01-19&guests=1&adults=1&check_out=2025-01-22,30,3,89,0.7542372881355930,12,17,29,0.2457627118644070,,,TRUE,TRUE,TRUE,,,,,,FALSE,,,,,TRUE,,,,,,TRUE,,,,TRUE,,,TRUE,,TRUE,,,,,,,,,,,,,,,,,,,,,,,,,,,,,,,,55,10,,,,,,,,,,,,,,,,,,,,,,,,TRUE,,,,,,,,,,,,,,,,,,,,,,,,,[object Object],1075
73,110,,,80,,,,,,1108073089904984975,Apartment in Ibagué,01/18/25 - 01/21/25,160,61,36,5,5.0 (6),1,https://www.airbnb.com/rooms/1108073089904984975?check_in=2025-01-19&guests=1&adults=1&check_out=2025-01-22,53,3,160,1,0,0,0,0,,,TRUE,TRUE,TRUE,TRUE,TRUE,,,,FALSE,FALSE,,,,,TRUE,,,,,,,,,,,,,,,,,,,,,,,,,,,,,,,,,,,,,,,,,,,,,,30,9,,,,,,TRUE,,,,,,,,,,,,,,,,,,,,,,,,,,,,,,,,,,,,,,,,,,,[object Object],1070
74,95,,,75,,,,,,945011200881623604,Apartment in Ibagué,01/18/25 - 01/21/25,149,55,34,4.92,4.92 (12),7,https://www.airbnb.com/rooms/945011200881623604?check_in=2025-01-19&guests=1&adults=1&check_out=2025-01-22,50,3,149,1,0,0,0,0,,,TRUE,TRUE,TRUE,TRUE,TRUE,,,TRUE,FALSE,FALSE,,,,,TRUE,,TRUE,,,,,,,,,,,,,,,,,,,,,,,,,,,,,,,,,,,,,,,,,,,,20,11,,,,,,,,,,,,,,,,,,,,,,,,,,,,,,,,,,,,,,,,,,,,,,,,,[object Object],1070
75,365,135,0,230,0,0,0,0,0,34578240,Condo in Ibagué,01/18/25 - 01/21/25,146,53,26,4.89,4.89 (65),9,https://www.airbnb.com/rooms/34578240?check_in=2025-01-19&check_out=2025-01-22&guests=1&adults=1,38,3,114,0.7808219178082190,11,21,32,0.2191780821917810,,TRUE,TRUE,TRUE,TRUE,TRUE,,,,TRUE,FALSE,FALSE,TRUE,,,,,,,,,TRUE,,,,,,,,,,,,,,,,,,TRUE,,,,,,,,,,,,,,,,,,,,,,,,,,,,,,,,,,,,,,,,,,,,,,,,,,,,,,,,,,,,,,,,,,,,,,,,,[object Object],1070
76,380,110,0,270,0,0,0,0,0,1171861583887805045,Apartment in Ibagué,01/18/25 - 01/21/25,162,62,30,5,5.0 (14),1,https://www.airbnb.com/rooms/1171861583887805045?check_in=2025-01-19&check_out=2025-01-22&guests=1&adults=1,42,3,142,0.8765432098765430,11,23,34,0.20987654320987700,,TRUE,TRUE,TRUE,TRUE,TRUE,,,,,FALSE,,TRUE,TRUE,TRUE,,,TRUE,,,,TRUE,TRUE,,,,,,,,,,,,,,,,,,,,,,,,,,,,,,,,,,,,,,,,,,,,,,,,,,,,,,,,,,,,,,,,,,,,,,,,,,,,,,,,,,,,,,,,,,[object Object],1065
77,370,115,0,255,0,0,0,0,0,52306754,Condo in Ibagué,01/18/25 - 01/21/25,157,59,29,4.95,4.95 (56),4,https://www.airbnb.com/rooms/52306754?check_in=2025-01-19&check_out=2025-01-22&guests=1&adults=1,41,3,124,0.7898089171974520,11,22,33,0.21019108280254800,2 double beds,TRUE,TRUE,TRUE,TRUE,,,,,,,,TRUE,,,,,,TRUE,,,TRUE,,,,,,,,,,,TRUE,TRUE,TRUE,,,,,,,,,,,,,,,,,,,,,,,,,,,,,,,,,,,,,,,,,,,,,,,,,,,,,,,,,,,,,,,,,,,,,,,,,,,,,,[object Object],1065
78,145,,,80,,,,,,1163937649764036669,Apartment in Ibagué,01/18/25 - 01/21/25,114,34,21,4.67,4.67 (6),29,https://www.airbnb.com/rooms/1163937649764036669?check_in=2025-01-19&guests=1&adults=1&check_out=2025-01-22,33,3,98,0.8596491228070180,0,16,16,0.14035087719298200,2 beds,,TRUE,TRUE,TRUE,TRUE,TRUE,,,,FALSE,FALSE,,TRUE,,,,,TRUE,,,,,,,,,,,,,,,,,,,,,,,,,,,,,,,,,,,,,,,,,,,,65,2,,,,,,,,,,,,,,,,,,,,,,,,,,,,,,,,,,,,,,,,,,,,,,,,,[object Object],1065
79,110,,,40,,,,,,1287114647373730638,Apartment in Ibagué,01/18/25 - 01/21/25,97,25,14,4.5,4.5 (4),38,https://www.airbnb.com/rooms/1287114647373730638?check_in=2025-01-19&guests=1&adults=1&check_out=2025-01-22,26,3,78,0.8041237113402060,5,14,19,0.1958762886597940,,,TRUE,TRUE,,TRUE,TRUE,,,TRUE,FALSE,,,,,TRUE,,,,,,TRUE,,,,,,,,,,,,,,TRUE,,,,,,,,,,,,,,,,,,,,,,,,,,,70,9,,,,,,,,,,,,,,,,,,,,,,,,,,TRUE,,,,,,,,,,,,,,,,,,,,,,,[object Object],1065
80,360,145,0,215,0,0,0,0,0,52350619,Apartment in Ibagué,01/18/25 - 01/21/25,142,50,25,4.84,4.84 (168),14,https://www.airbnb.com/rooms/52350619?check_in=2025-01-19&check_out=2025-01-22&guests=1&adults=1,37,3,112,0.7887323943661970,10,20,30,0.2112676056338030,,,,,,,,,,,,,,,,,,,,TRUE,,,,,,,,,,,,,,,,,,,,,,,,,,,,,,,,,,,,,,,,,,,,,,,,,,,,,,,,,,,,,,,,,,,,,,,,,,,,,,,,,,,,,,,,,,,,,[object Object],1060
81,360,150,0,210,0,0,0,0,0,820256721613447361,Apartment in Ibagué,01/18/25 - 01/21/25,139,49,25,4.83,4.83 (120),15,https://www.airbnb.com/rooms/820256721613447361?check_in=2025-01-19&check_out=2025-01-22&guests=1&adults=1,37,3,110,0.7913669064748200,9,20,29,0.20863309352518000,,TRUE,TRUE,TRUE,,TRUE,,,,,FALSE,FALSE,TRUE,,TRUE,,,TRUE,,,,TRUE,,,,,,,TRUE,,,TRUE,,,,,,,,,,,,,,,,,,,,,,,,,,,,,,,,,,,,,,,,,,,,,,,,,,,,,,,,,,,,,,,,,,,,,,,,,,,,,,,,,[object Object],1060
82,150,,,75,,,,,,1279742105265713437,Apartment in Ibagué,01/18/25 - 01/21/25,94,23,12,,New,41,https://www.airbnb.com/rooms/1279742105265713437?check_in=2025-01-19&guests=1&adults=1&check_out=2025-01-22,24,3,72,0.7659574468085110,9,13,22,0.23404255319148900,,,TRUE,TRUE,TRUE,TRUE,TRUE,,,,FALSE,FALSE,,TRUE,,,,,,,,,,,,,,,,,,,,,,,,,,,,,,,,,,,,,,,,,,,,,,,,,75,1,,,,,,,,,,,,,,,,,,,,,,,,,,,,,,,,,,,,,,,,,,,,,,,,,[object Object],1060
83,370,105,0,265,0,0,0,0,0,971076032535829977,Condo in Ibagué,01/18/25 - 01/21/25,163,63,29,4.97,4.97 (35),2,https://www.airbnb.com/rooms/971076032535829977?check_in=2025-01-19&check_out=2025-01-22&guests=1&adults=1,41,3,124,0.7607361963190190,16,23,39,0.2392638036809820,,TRUE,TRUE,TRUE,TRUE,,TRUE,,,,FALSE,,TRUE,,,TRUE,,,TRUE,,,TRUE,,,,,TRUE,TRUE,,,,,,,,,,,,,,,,,,,,,,,,,,,,,,,,,,,,,,,,,,,,,,,,,,,,,,,,,,,,,,,,,,,,,,,,,,,,,,,,,,,,,[object Object],1055
84,110,,,70,,,,,,1159104500263247389,Apartment in Ibagué,01/18/25 - 01/21/25,134,46,23,4.78,4.78 (9),19,https://www.airbnb.com/rooms/1159104500263247389?check_in=2025-01-19&guests=1&adults=1&check_out=2025-01-22,35,3,104,0.7761194029850750,11,19,30,0.22388059701492500,3 beds,,TRUE,,TRUE,TRUE,TRUE,,,,FALSE,FALSE,,,,,TRUE,,TRUE,,,,,,,,,,,,,,,,,,,,,,,,,,,,,,,,,,,,,,,,,,,,40,7,,,,,,,,,,,,,,,,,,,,,,,,,TRUE,TRUE,,,,,,,,,,,,,,,,,,,,,,,[object Object],1055
85,355,115,0,240,0,0,0,0,0,1095154386798297454,Apartment in Ibagué,01/18/25 - 01/21/25,157,59,29,4.92,4.92 (12),7,https://www.airbnb.com/rooms/1095154386798297454?check_in=2025-01-19&check_out=2025-01-22&guests=1&adults=1,41,3,124,0.7898089171974520,11,22,33,0.21019108280254800,1 bed,TRUE,TRUE,,TRUE,TRUE,,,,,FALSE,,TRUE,,TRUE,,,,TRUE,,,TRUE,,,,,,,,,,,,,,,,,,,,TRUE,TRUE,TRUE,,,,,,,,,,,,,,,,,,,,,,,,,,,,,,,,,,,,,,,,,,,,,,,,,,,,,,,,,,,,,,,,,,,,,[object Object],1050
86,345,155,0,190,0,0,0,0,0,591328613559121482,Condo in Ibagué,01/18/25 - 01/21/25,134,46,21,4.77,4.77 (64),20,https://www.airbnb.com/rooms/591328613559121482?check_in=2025-01-19&check_out=2025-01-22&guests=1&adults=1,33,3,99,0.7388059701492540,16,19,35,0.26119402985074600,,,TRUE,TRUE,TRUE,TRUE,,,,,,,,,,TRUE,,,,,,,,,,TRUE,,TRUE,,,,,,,,,,,,,,,,,TRUE,,,,,,,TRUE,TRUE,,,,,,,,,,,,,,,,,,,,,,,,,,,,,,,,,,,,,,,,,,,,,,,,,,,,,,,,,,,,[object Object],1050
87,95,,,50,,,,,,45882602,Loft in Ibagué,01/18/25 - 01/21/25,125,41,24,4.7,4.7 (10),26,https://www.airbnb.com/rooms/45882602?check_in=2025-01-19&guests=1&adults=1&check_out=2025-01-22,36,3,107,0.856,0,18,18,0.144,,,TRUE,TRUE,,,TRUE,,,TRUE,FALSE,FALSE,,,,,,,,,,,,,,,,,,,,,,,,,,,,,,,,,,,,,,,,,,,,,,,,,,,45,13,,,,,,,,,,,,,,,,,,,,,,,,,,,,,,TRUE,TRUE,,,,TRUE,,,,,,,,,,,,,,[object Object],1045
88,140,,,70,,,,,,1076859102078744907,Apartment in Ibagué,01/18/25 - 01/21/25,98,26,13,,,41,https://www.airbnb.com/rooms/1076859102078744907?check_in=2025-01-19&guests=1&adults=1&check_out=2025-01-22,25,3,75,0.7653061224489800,9,14,23,0.23469387755102000,,,TRUE,TRUE,,TRUE,TRUE,,,TRUE,FALSE,FALSE,,,,,TRUE,,TRUE,,,,,,,,,,,,,,,,,,,,,,,,,,,,,,,,,,,,,,,,,,,,70,3,,,,,,,,,,,,,,,,,,,,,,,,,,,,,,,,,,,,,,,,,,,,,,,,,[object Object],1045
89,130,,,60,,,,,,921913641485989090,Apartment in Ibagué,01/18/25 - 01/21/25,98,26,13,,,41,https://www.airbnb.com/rooms/921913641485989090?check_in=2025-01-19&guests=1&adults=1&check_out=2025-01-22,25,3,75,0.7653061224489800,9,14,23,0.23469387755102000,,,TRUE,TRUE,TRUE,TRUE,TRUE,,,TRUE,FALSE,FALSE,,,,,TRUE,,TRUE,,,,,,,,,,,,,,,,,,,,,,,,,,,,,,,,,,,,,,,,,,,,70,5,,,,,,,,,,,,,,,,,,,,,,,,,,,,,,,,,,,,,,,,,,,,,,,,,[object Object],1045
90,100,,,30,,,,,,1080551109985338562,Apartment in Ibagué,01/18/25 - 01/21/25,98,26,13,,,41,https://www.airbnb.com/rooms/1080551109985338562?check_in=2025-01-19&guests=1&adults=1&check_out=2025-01-22,25,3,75,0.7653061224489800,9,14,23,0.23469387755102000,,,TRUE,TRUE,,TRUE,TRUE,,,TRUE,FALSE,FALSE,,,,,TRUE,,TRUE,,,,,,,,,,,,,,,,,,,,,,,,,,,,,,,,,,,,,,,,,,,,70,7,,,,,,,,,,,,,,,,,,,,,,,,,,,,,,,,,,,,,,,,,,,,,,,,,[object Object],1045
91,95,,,25,,,,,,933336632516363471,Apartment in Ibagué,01/18/25 - 01/21/25,98,26,13,,,41,https://www.airbnb.com/rooms/933336632516363471?check_in=2025-01-19&guests=1&adults=1&check_out=2025-01-22,25,3,75,0.7653061224489800,9,14,23,0.23469387755102000,,,TRUE,TRUE,,,TRUE,,,TRUE,FALSE,FALSE,,,,,TRUE,,,,,,,,,,,,,,,,,,,,,,,,,,,,,,,,,,,,,,,,,,,,,,70,9,,,,,,,,,,,,,,,,,,,,,,,,,,,,,,,,,,,,,,,,,,,,,,,,,[object Object],1045
92,345,120,0,225,0,0,0,0,0,1222037960630506206,Apartment in Ibagué,01/18/25 - 01/21/25,156,58,30,4.88,4.88 (8),10,https://www.airbnb.com/rooms/1222037960630506206?check_in=2025-01-19&check_out=2025-01-22&guests=1&adults=1,42,3,125,0.8012820512820510,9,22,31,0.1987179487179490,,TRUE,TRUE,TRUE,,TRUE,TRUE,,,TRUE,FALSE,FALSE,TRUE,TRUE,,,,,TRUE,,TRUE,,,,,,,,,,,,,,,,,,,,,,,,,,,,,,,,,,,,,,,,,,,,,,,,,,,,,,,,,,,,,,,,,,,,,,,,,,,,,,,,,,,,,,,,,,,,[object Object],1040
93,90,,,35,,,,,,1157518660113429062,Apartment in Ibagué,01/18/25 - 01/21/25,105,28,13,4.33,4.33 (6),40,https://www.airbnb.com/rooms/1157518660113429062?check_in=2025-01-19&guests=1&adults=1&check_out=2025-01-22,25,3,75,0.7142857142857140,15,15,30,0.2857142857142860,,,TRUE,TRUE,,TRUE,TRUE,,,,FALSE,FALSE,,,,TRUE,,,TRUE,,,,,,,,,,,,,TRUE,,,,,,,,,,,,,,,,,,,,,,,,,,,,,,,55,17,,,,,,,,,,,,,,,,,,,,,,,,,,TRUE,,,,,,,,,,,,,,,,,,,,,,,[object Object],1040
94,355,95,0,260,0,0,0,0,0,817709413772889492,Condo in Ibagué,01/18/25 - 01/21/25,183,66,33,4.96,4.96 (27),3,https://www.airbnb.com/rooms/817709413772889492?check_in=2025-01-19&check_out=2025-01-22&guests=1&adults=1,48,3,143,0.7814207650273220,14,26,40,0.2185792349726780,3 beds,TRUE,TRUE,TRUE,TRUE,TRUE,,,,,FALSE,FALSE,TRUE,,TRUE,,,,,,,,,,,,,,TRUE,TRUE,,,,,,,,,,,,,,,,,,,,,,,,,,,,,,,,,,,,,,,,,,,,,,,,,,,,,,,,,,,,,,,,,,,,,,,,,,,,,,,,,,,[object Object],1035
95,105,,,65,,,,,,47153034,Apartment in Ibagué,01/18/25 - 01/21/25,134,46,24,4.71,4.71 (35),25,https://www.airbnb.com/rooms/47153034?check_in=2025-01-19&guests=1&adults=1&check_out=2025-01-22,36,3,109,0.8134328358208960,6,19,25,0.1865671641791050,,,TRUE,TRUE,TRUE,TRUE,TRUE,,,,FALSE,,,,,,,,TRUE,,,TRUE,,,,,,,TRUE,,,,,,,,,,,,,,,,,,,,,,,,,,,,,,,,,,40,11,,,,,,,,,,,,,,,,,,,,,,,,,,,TRUE,,,,,,,,,,,,,,,,,,,,,,[object Object],1025
96,75,,,45,,,,,,594187412726967905,Apartment in Ibagué,01/18/25 - 01/21/25,127,43,24,4.68,4.68 (56),28,https://www.airbnb.com/rooms/594187412726967905?check_in=2025-01-19&guests=1&adults=1&check_out=2025-01-22,36,3,109,0.8582677165354330,0,18,18,0.14173228346456700,,,TRUE,TRUE,TRUE,TRUE,TRUE,,,,FALSE,FALSE,,,,TRUE,TRUE,,,,,,,,,,,,,,,,,,,,,,,,,,,,,,,,,,,,,,,,,,,,,,30,13,,,,,,,,,TRUE,,,,,,,,,,,,,,,,,,,,,,,,,,,,,,,,,,,,,,,,[object Object],1025
97,125,,,50,,,,,,1300184670746824463,Apartment in Ibagué,01/18/25 - 01/21/25,113,33,19,,New,41,https://www.airbnb.com/rooms/1300184670746824463?check_in=2025-01-19&guests=1&adults=1&check_out=2025-01-22,31,3,92,0.8141592920353980,5,16,21,0.18584070796460200,,,TRUE,,,TRUE,TRUE,,,TRUE,FALSE,,,TRUE,,TRUE,TRUE,,TRUE,,,,,,,,,,,,,,,,,,,,,,,,,,,,,,,,,,,,,,,,,,,,75,8,,,,,,TRUE,,,,,,,,,,,,,,,,,,,,,,,,,,,,,,,,,,,,,,,,,,,[object Object],1010
98,315,85,0,230,0,0,0,0,0,1116887112087454138,Apartment in Ibagué,01/18/25 - 01/21/25,189,68,42,4.89,4.89 (19),9,https://www.airbnb.com/rooms/1116887112087454138?check_in=2025-01-19&check_out=2025-01-22&guests=1&adults=1,63,3,262,1.3862433862433900,0,0,0,0,2 beds,,,,,,,,,,,,TRUE,,,,,,,,,,,,,,,,,,,,,,,,,,,,,,,,,,,,,,,,,,,,,,,,,,,,,,,,,,,,,,,,,,,,,,,,,,,,,,,,,,,,,,,,,,,,,,,,,,,,[object Object],995
99,70,,,45,,,,,,689961646033985033,Apartment in Ibagué,01/18/25 - 01/21/25,171,64,31,4.85,4.85 (27),13,https://www.airbnb.com/rooms/689961646033985033?check_in=2025-01-19&guests=1&adults=1&check_out=2025-01-22,45,3,136,0.7953216374269010,11,24,35,0.2046783625730990,,,TRUE,TRUE,TRUE,TRUE,,,,,,FALSE,,,,,,TRUE,TRUE,,,,,,,,,,TRUE,,,,,,,TRUE,,,,TRUE,,,,,,,,,,,,,,,,,,,,,,,25,17,,,,,,,,,,,,,,,,,,,,,,,,,,,,,,,,,,,,,,,,,,,,,,,,,[object Object],995
100,315,115,0,200,0,0,0,0,0,1090505518563398267,Condo in Ibagué,01/18/25 - 01/21/25,157,59,28,4.79,4.79 (39),18,https://www.airbnb.com/rooms/1090505518563398267?check_in=2025-01-19&check_out=2025-01-22&guests=1&adults=1,40,3,121,0.7707006369426750,14,22,36,0.22929936305732500,2 beds,TRUE,TRUE,TRUE,TRUE,TRUE,,,,,FALSE,FALSE,TRUE,,,TRUE,,,TRUE,,,,,,TRUE,TRUE,,,,,,,,,,,,,,,,,,,,,,,,,,,,,,,,,,,,,,,,,,,,,,,,,,,,,,,,,,,,,,,,,,,,,,,,,,,,,,,,,,,,,,,[object Object],995
101,345,75,0,270,0,0,0,0,0,1260136135190722713,Condo in Ibagué,01/18/25 - 01/21/25,233,77,41,5,5.0 (7),1,https://www.airbnb.com/rooms/1260136135190722713?check_in=2025-01-19&check_out=2025-01-22&guests=1&adults=1,62,3,186,0.7982832618025750,14,33,47,0.2017167381974250,1 sofa bed,TRUE,TRUE,TRUE,,,,,,,FALSE,FALSE,TRUE,TRUE,,TRUE,,,TRUE,,,,,TRUE,TRUE,TRUE,,,,,,,,,,,,,,,,,,,,,,,,,,,,,,,,,,,,,,,,,,,,,,,,,,,,,,,,,,,,,,,,,,,,,,,,,,,,,,,,,,,,,,,[object Object],990
102,80,,,20,,,,,,1214442242879078016,Apartment in Ibagué,01/18/25 - 01/21/25,118,37,22,,,41,https://www.airbnb.com/rooms/1214442242879078016?check_in=2025-01-19&guests=1&adults=1&check_out=2025-01-22,34,3,101,0.8559322033898310,0,17,17,0.1440677966101700,,,TRUE,TRUE,,,TRUE,,,TRUE,FALSE,FALSE,,,,,,,,,,,,,,,,,,,,,,,,,,,,,,,,,,,,,,,,,,,,,,,,,,,60,12,,,,,,,,,,,,,,,,,,,,,,,,,,,,,,,,,,,,,,,,,,,,,,,,,[object Object],990
103,90,,,55,,,,,,680639980504231955,Apartment in Ibagué,01/18/25 - 01/21/25,158,60,31,4.78,4.78 (36),19,https://www.airbnb.com/rooms/680639980504231955?check_in=2025-01-19&guests=1&adults=1&check_out=2025-01-22,45,3,136,0.8607594936708860,0,22,22,0.13924050632911400,,,TRUE,TRUE,TRUE,TRUE,TRUE,,,,FALSE,FALSE,,,,,,,TRUE,,,TRUE,,,,,,,,,,,,,,TRUE,,,,,,,,,,,,,,,,,,,,,,,,,,,35,13,,,,,,,,,,,,,,,,,,,,,,,,,,,,,,,,,,,,,,,,,,,,,,,,,[object Object],985
104,95,,,65,,,,,,708945024148720652,Condo in Ibagué,01/18/25 - 01/21/25,148,54,27,4.71,4.71 (31),25,https://www.airbnb.com/rooms/708945024148720652?check_in=2025-01-19&guests=1&adults=1&check_out=2025-01-22,39,3,116,0.7837837837837840,11,21,32,0.21621621621621600,,,TRUE,TRUE,TRUE,,,,,,FALSE,FALSE,,,,,,,,,,,,,,,,,TRUE,,,,,,,,,,,,,,,,,,,,,,,,,,,,,,,,,,30,14,,,,,,,,,,,,,,,,TRUE,,,,,,,,,,,,TRUE,,,,,,,,,,,,,,,,,,,,,[object Object],985
105,300,80,0,220,0,0,0,0,0,908957215085619958,Apartment in Ibagué,01/18/25 - 01/21/25,191,69,35,4.87,4.87 (54),11,https://www.airbnb.com/rooms/908957215085619958?check_in=2025-01-19&check_out=2025-01-22&guests=1&adults=1,51,3,153,0.8010471204188480,11,27,38,0.19895287958115200,2 beds,,,,,,,,,,,,TRUE,,,,,,,,,,,,,,,,,,,,,,,,,,,,,,,,,,,,,,,,,,,,,,,,,,,,,,,,,,,,,,,,,,,,,,,,,,,,,,,,,,,,,,,,,,,,,,,,,,,,[object Object],980
106,60,,,25,,,,,,1208767910553172213,Apartment in Ibagué,01/18/25 - 01/21/25,121,39,23,,,41,https://www.airbnb.com/rooms/1208767910553172213?check_in=2025-01-19&guests=1&adults=1&check_out=2025-01-22,35,3,104,0.859504132231405,0,17,17,0.14049586776859500,2 beds,,TRUE,TRUE,TRUE,TRUE,TRUE,,,TRUE,FALSE,FALSE,,TRUE,,,,TRUE,,,,,,,,,,,,,,,,,,,,,,,,,,,,,,,,,,,,,,,,,,,,,35,16,,,,,,,,,,,,,,,,,,,,,,,,,,,,,,,,,,,,,,,,,,,,,,,,,[object Object],980
107,90,,,55,,,,,,819459120882472188,Condo in Ibagué,01/18/25 - 01/21/25,144,52,26,4.66,4.66 (61),30,https://www.airbnb.com/rooms/819459120882472188?check_in=2025-01-19&guests=1&adults=1&check_out=2025-01-22,38,3,113,0.7847222222222220,11,20,31,0.2152777777777780,3 beds,,TRUE,TRUE,TRUE,,,,,,FALSE,FALSE,,TRUE,,,,,TRUE,,,,,,,,,,TRUE,,,,,,,,,,,,,,,,,,,,,,,,,,,,,,,,,,35,16,,,,,,,,,,,,,,,,,,,,,,,,,,,,,TRUE,,,,,,,,,,,,,,,,,,,,[object Object],970
108,95,,,80,,,,,,1107506314587684851,Apartment in Ibagué,01/18/25 - 01/21/25,331,82,49,5,5.0 (5),1,https://www.airbnb.com/rooms/1107506314587684851?check_in=2025-01-19&guests=1&adults=1&check_out=2025-01-22,91,3,272,0.8217522658610270,12,47,59,0.1782477341389730,5 beds,,TRUE,TRUE,,TRUE,TRUE,TRUE,,,FALSE,FALSE,,,,,TRUE,,,,,,,,,,,,,,,,,,,,,,,,,,,,,,,,,,,,,,,,,,,,,,15,10,,,,,,,,,,,TRUE,TRUE,,,,,,,,,,,,,,,,,,,,,,,,,,,,,,,,,,,,,[object Object],965
109,315,70,0,245,0,0,0,0,0,1038986637548511215,Apartment in Ibagué,01/18/25 - 01/21/25,249,78,45,4.93,4.93 (15),6,https://www.airbnb.com/rooms/1038986637548511215?check_in=2025-01-19&check_out=2025-01-22&guests=1&adults=1,71,3,214,0.8594377510040160,0,35,35,0.14056224899598400,3 beds,TRUE,TRUE,TRUE,,TRUE,TRUE,,,,FALSE,FALSE,TRUE,,,,TRUE,,TRUE,,,,,,,,,,,,,,,,,,TRUE,,,,,,,,,,,,,,,,,,,,,,,,,,,,,,,,,,,,,,,,,,,,,,,,,,,,,,,,,,,,,,,,,,,,,,,,,,,,[object Object],960
110,120,,,65,,,,,,1280685834401467493,Apartment in Ibagué,01/18/25 - 01/21/25,127,43,24,,New,41,https://www.airbnb.com/rooms/1280685834401467493?check_in=2025-01-19&guests=1&adults=1&check_out=2025-01-22,36,3,109,0.8582677165354330,0,18,18,0.14173228346456700,,,TRUE,TRUE,,,TRUE,,,TRUE,FALSE,FALSE,,,,,,,,,,,,,,,,,,,,,,,,,,,,,,,,,,,,,,,,,,,,,,,,,,,55,6,,,,,,,,,,,,,,,,,,,,,,,,,,,,,,,,,,,,,,,,,,,,,,,,,[object Object],960
111,95,,,80,,,,,,729565518774667295,Apartment in Ibagué,01/18/25 - 01/21/25,191,69,34,4.81,4.81 (26),16,https://www.airbnb.com/rooms/729565518774667295?check_in=2025-01-19&guests=1&adults=1&check_out=2025-01-22,50,3,150,0.7853403141361260,14,27,41,0.21465968586387400,5 beds,,TRUE,TRUE,TRUE,TRUE,,,,,,,,,,,TRUE,,,,,,,,,,,,TRUE,,,,,,,,,,,TRUE,,,,,,,,,,,,,,,,,,,,,,,15,13,,,,,,,,,,,,,,,,,,,,,,,,TRUE,,,,,,,,,,,,,,,,,,,,,,,,,[object Object],955
112,55,,,20,,,,,,52630817,Apartment in Ibagué,01/18/25 - 01/21/25,158,60,29,4.71,4.71 (150),25,https://www.airbnb.com/rooms/52630817?check_in=2025-01-19&guests=1&adults=1&check_out=2025-01-22,41,3,122,0.7721518987341770,14,22,36,0.22784810126582300,,,TRUE,,TRUE,TRUE,,,,TRUE,,,,,,,,,,,,TRUE,,,,,,,TRUE,,,,,,,TRUE,,,,,,,,,,,,,,,,,,,,,,,,,,,35,18,,,,,,,,,,,,,,,,,,TRUE,TRUE,,,,,,,,,,,,,,,,,,,,,,,,,,,,,,[object Object],955
113,335,165,0,170,0,0,0,0,0,1323089586858206641,Apartment in Ibagué,01/18/25 - 01/21/25,128,44,22,,New,41,https://www.airbnb.com/rooms/1323089586858206641?check_in=2025-01-19&check_out=2025-01-22&guests=1&adults=1,34,3,103,0.8046875,7,18,25,0.1953125,,,,,,,,,,,,,,,,,,,,,,,,,,,,,,,,,,,,,,,,,,,,,,,,,,,,,,,,,,,,,,,,,,,,,,,,,,,,,,,,,,,,,,,,,,,,,,,,,,,,,,,,,,,,,,,,,[object Object],955
114,85,,,80,,,,,,656298707967647916,Condo in Ibagué,01/18/25 - 01/21/25,571,85,52,5,5.0 (12),1,https://www.airbnb.com/rooms/656298707967647916?check_in=2025-01-19&guests=1&adults=1&check_out=2025-01-22,183,3,548,0.9597197898423820,23,0,23,0.040280210157618200,,,TRUE,TRUE,TRUE,TRUE,,,,,FALSE,FALSE,,,,,,,TRUE,,,TRUE,,,,,,,TRUE,,,,,,,TRUE,,,,,,,,,,,,,,,,,,,,,,,,,,,5,12,,,,,,,,,,,,,,,,,,,,,,,,,,,,,,,,,,,,,,,,,,,,,,,,,[object Object],950
115,305,60,0,245,0,0,0,0,0,1116978391813706147,Apartment in Ibagué,01/18/25 - 01/21/25,296,80,46,4.93,4.93 (28),6,https://www.airbnb.com/rooms/1116978391813706147?check_in=2025-01-19&check_out=2025-01-22&guests=1&adults=1,79,3,238,0.8040540540540540,16,42,58,0.19594594594594600,,,,,,,,,,,,,TRUE,,,,,,,,,,,,,,,,,,,,,,,,,,,,,,,,,,,,,,,,,,,,,,,,,,,,,,,,,,,,,,,,,,,,,,,,,,,,,,,,,,,,,,,,,,,,,,,,,,,,[object Object],950
116,285,90,0,195,0,0,0,0,0,50091851,Condo in Ibagué,01/18/25 - 01/21/25,186,67,33,4.78,4.78 (64),19,https://www.airbnb.com/rooms/50091851?check_in=2025-01-19&check_out=2025-01-22&guests=1&adults=1,48,3,144,0.7741935483870970,16,26,42,0.22580645161290300,4 beds,,,,,,,,,,,,,,,,,,,TRUE,,,,,,,,,,,,,,,,,,,,,,,,,,,,,,,,,,,,,,,,,,,,,,,,,,,,,,,,,,,,,,,,,,,,,,,,,,,,,,,,,,,,,,,,,,,,,[object Object],950
117,45,,,20,,,,,,1208744754611373066,Apartment in Ibagué,01/18/25 - 01/21/25,146,53,30,4.6,4.6 (10),34,https://www.airbnb.com/rooms/1208744754611373066?check_in=2025-01-19&guests=1&adults=1&check_out=2025-01-22,42,3,125,0.8561643835616440,0,21,21,0.14383561643835600,,,TRUE,TRUE,TRUE,TRUE,TRUE,,,TRUE,FALSE,FALSE,,TRUE,,,TRUE,,,,,,,,,,,,,,,,,,,,,,,,,,,,,,,,,,,,,,,,,,,,,,25,18,,,,,,,,,,,,,,,,,,,,,,,,,,,,,,,,,,,,,,,,,,,,,,,,,[object Object],945
118,90,,,45,,,,,,1112351467103981520,Apartment in Ibagué,01/18/25 - 01/21/25,143,51,29,4.55,4.55 (11),37,https://www.airbnb.com/rooms/1112351467103981520?check_in=2025-01-19&guests=1&adults=1&check_out=2025-01-22,41,3,123,0.8601398601398600,0,20,20,0.13986013986014000,2 beds,,TRUE,TRUE,,TRUE,TRUE,,,TRUE,FALSE,FALSE,,,,,TRUE,,TRUE,,,,,,,,,,,,,,,,,,,,,,,,,,,,,,,,,,,,,,,,,,,,45,10,,,,,,,,,,,,,TRUE,,,,,,,,,,,,,,,,,,,,,,,,,,,,,,,,,,,,[object Object],940
119,90,,,40,,,,,,45970435,Apartment in Ibagué,01/18/25 - 01/21/25,137,48,32,4.33,4.33 (21),40,https://www.airbnb.com/rooms/45970435?check_in=2025-01-19&guests=1&adults=1&check_out=2025-01-22,46,3,137,1,0,0,0,0,,,TRUE,TRUE,TRUE,TRUE,TRUE,,,TRUE,FALSE,FALSE,,,,,TRUE,,TRUE,,,,,,,,,,,,,,,,,,,,,,,,,,,,,,,,,,,,,,,,,,,,50,11,,,,,,,,,,,,,,,,,,,,,,,,,,,,,,,,,,,,,,,,,,,,,,,,,[object Object],940
120,130,,,85,,,,,,1261687323497477437,Apartment in Ibagué,01/18/25 - 01/21/25,135,47,22,,New,41,https://www.airbnb.com/rooms/1261687323497477437?check_in=2025-01-19&guests=1&adults=1&check_out=2025-01-22,34,3,102,0.7555555555555560,14,19,33,0.24444444444444400,,,TRUE,TRUE,TRUE,,TRUE,,,TRUE,FALSE,FALSE,,,,,,,TRUE,,,,,,,,,,,,TRUE,,,,,,,TRUE,,,,,,,,,,,,,,,,,,,,,,,,,45,7,,,,,,,,,,,,,,,,,,,,,,,,,,,,,,,,,,,,,,,,,,,,,,,,,[object Object],940
121,290,55,0,235,0,0,0,0,0,1201778429056039901,Apartment in Ibagué,01/18/25 - 01/21/25,312,81,47,4.91,4.91 (11),8,https://www.airbnb.com/rooms/1201778429056039901?check_in=2025-01-19&check_out=2025-01-22&guests=1&adults=1,84,3,252,0.8076923076923080,16,44,60,0.19230769230769200,4 beds,,,,,,,,,,,,TRUE,,,,,,,,,,,,,,,,,,,,,,,,,,,,,,,,,,,,,,,,,,,,,,,,,,,,,,,,,,,,,,,,,,,,,,,,,,,,,,,,,,,,,,,,,,,,,,,,,,,,[object Object],935
122,100,,,55,,,,,,1280509383658148753,Apartment in Ibagué,01/18/25 - 01/21/25,143,51,29,,New,41,https://www.airbnb.com/rooms/1280509383658148753?check_in=2025-01-19&guests=1&adults=1&check_out=2025-01-22,41,3,123,0.8601398601398600,0,20,20,0.13986013986014000,,,TRUE,TRUE,TRUE,,TRUE,,,TRUE,FALSE,FALSE,,,,,TRUE,,,,,,,,,,,,,,,,,,,,,,,,,,,,,,,,,,,,,,,,,,,,,,45,8,,,,,,,,,,,,,,,,,,,,,,,,,,,,,,,,,,,,,,,,,,,,,,,,,[object Object],920
123,280,100,0,180,0,0,0,0,0,1194348198443281843,Apartment in Ibagué,01/18/25 - 01/21/25,171,64,31,4.67,4.67 (6),29,https://www.airbnb.com/rooms/1194348198443281843?check_in=2025-01-19&check_out=2025-01-22&guests=1&adults=1,45,3,136,0.7953216374269010,11,24,35,0.2046783625730990,1 bed,,TRUE,TRUE,TRUE,TRUE,TRUE,,,TRUE,,,,TRUE,,TRUE,TRUE,,TRUE,TRUE,,,,,,,,,,,,,,,,,,,,,,,,,,,,,,,,,,,,,,,,,,,,,,,,,,,,,,,,,,,,,,,,,,,,,,,,,,,,,,,,,,,,,,,,,,,,,[object Object],915
124,270,65,0,205,0,0,0,0,0,816185132360414545,Apartment in Ibagué,01/18/25 - 01/21/25,254,79,44,4.81,4.81 (32),16,https://www.airbnb.com/rooms/816185132360414545?check_in=2025-01-19&check_out=2025-01-22&guests=1&adults=1,69,3,207,0.8149606299212600,11,36,47,0.18503937007874000,,TRUE,TRUE,TRUE,TRUE,TRUE,,,,,FALSE,FALSE,TRUE,,,,,,,,,TRUE,,,,,,,TRUE,,,,,,,,,,,,,,,,,,,,,TRUE,TRUE,,,,,,,,,,,,,,,,,,,,,,,,,,,,,,,,,,,,,,,,,,,,,,,,,,,,,,,,,,,,,,[object Object],905
125,70,,,55,,,,,,1069138348969988902,Apartment in Ibagué,01/18/25 - 01/21/25,223,74,39,4.75,4.75 (4),22,https://www.airbnb.com/rooms/1069138348969988902?check_in=2025-01-19&guests=1&adults=1&check_out=2025-01-22,60,3,180,0.8071748878923770,15,28,43,0.19282511210762300,,,TRUE,TRUE,TRUE,TRUE,,,,,FALSE,FALSE,,TRUE,,TRUE,,,TRUE,,,,,,,,,,,,,,,,,,,,,,,,,,,,,,,,,,,,,,,,,,,,15,15,,,,,,,,,,,,,,,,,,,,,,,,,,,,,,,,TRUE,,,,,,,,,,,,,,,,,[object Object],900
126,85,,,65,,,,,,45640789,Apartment in Ibagué,01/18/25 - 01/21/25,233,77,43,4.76,4.76 (42),21,https://www.airbnb.com/rooms/45640789?check_in=2025-01-19&guests=1&adults=1&check_out=2025-01-22,64,3,191,0.8197424892703860,9,33,42,0.18025751072961400,,,TRUE,TRUE,TRUE,TRUE,,,,TRUE,FALSE,FALSE,,,,,TRUE,,TRUE,,,,,,,,,,,,,,,,,,,,,,,,,,,,,,,,,,,TRUE,,,,,,,,,20,16,,,,,,,,,,,,,,,,,,,,,,,,,,,,,,,,,,,,,,,,,,,,,,,,,[object Object],890
127,295,125,0,170,0,0,0,0,0,1305381002769865823,Apartment in Ibagué,01/18/25 - 01/21/25,155,57,29,,New,41,https://www.airbnb.com/rooms/1305381002769865823?check_in=2025-01-19&check_out=2025-01-22&guests=1&adults=1,41,3,124,0.8,9,22,31,0.2,,,,,,,,,,,,,,,,,,,,,,,,,,,,,,,,,,,,,,,,,,,,,,,,,,,,,,,,,,,,,,,,,,,,,,,,,,,,,,,,,,,,,,,,,,,,,,,,,,,,,,,,,,,,,,,,,[object Object],890
128,65,,,45,,,,,,1284817890227854415,Apartment in Ibagué,01/18/25 - 01/21/25,174,65,38,4.57,4.57 (7),36,https://www.airbnb.com/rooms/1284817890227854415?check_in=2025-01-19&guests=1&adults=1&check_out=2025-01-22,58,3,174,1,0,0,0,0,,,TRUE,TRUE,,TRUE,TRUE,,,,FALSE,FALSE,,,,,TRUE,,TRUE,,,,,,,,,,TRUE,,,,,,,,,,,,,,,,,,,,,,,,,,,,,,,,,,20,18,,,,,,,,,,,,,,,,,,,,,,,,,,,,,,,,,,,,,,,,,,,,,,,,,[object Object],875
129,45,,,35,,,,,,976855897404378100,Apartment in Ibagué,01/18/25 - 01/21/25,227,75,40,4.63,4.63 (24),33,https://www.airbnb.com/rooms/976855897404378100?check_in=2025-01-19&guests=1&adults=1&check_out=2025-01-22,61,3,184,0.8105726872246700,11,32,43,0.1894273127753300,,,TRUE,TRUE,TRUE,TRUE,TRUE,,,,FALSE,FALSE,,TRUE,,,TRUE,,TRUE,,,,,,,,,,,,,,,,,,,,,,,,,,,,,,,,,,,,,,,,,,,,10,17,,,,,,,,,,,,,,,,,,,,,,,,,,,,,,,,,,,,,,,,,,,,,,,,,[object Object],840
130,65,,,35,,,,,,554145804240818285,Condo in Ibagué,01/18/25 - 01/21/25,200,70,37,,,41,https://www.airbnb.com/rooms/554145804240818285?check_in=2025-01-19&guests=1&adults=1&check_out=2025-01-22,57,3,172,0.86,0,28,28,0.14,5 beds,,TRUE,TRUE,TRUE,TRUE,TRUE,,,,FALSE,,,,,TRUE,,,TRUE,,,,,,,,,TRUE,TRUE,,,,,,,,,,,,,,,,,,,,,,,,,,,,,,,,,,30,17,,,,,,,,,,,,,,,,,,,,,,,,,,,,,,,,,,,,,,,,,,,,,,,,,[object Object],825
131,80,,,55,,,,,,1148702571638268317,Apartment in Ibagué,01/18/25 - 01/21/25,211,71,37,,,41,https://www.airbnb.com/rooms/1148702571638268317?check_in=2025-01-19&guests=1&adults=1&check_out=2025-01-22,57,3,170,0.8056872037914690,11,30,41,0.1943127962085310,,,TRUE,TRUE,TRUE,TRUE,TRUE,,,,FALSE,,,TRUE,,,TRUE,,TRUE,,,,,,,FALSE,,,,,,,,,,,,,,,,,,,,,,,,,,,,,,,,,,,,,25,17,,,,,,,,,,,,,,,,,,,,,,,,,,,,,,,,,,,,,,,,,,,,,,,,,[object Object],820
132,55,,,30,,,,,,1292435866750881205,Apartment in Ibagué,01/18/25 - 01/21/25,212,72,40,,New,41,https://www.airbnb.com/rooms/1292435866750881205?check_in=2025-01-19&guests=1&adults=1&check_out=2025-01-22,61,3,182,0.8584905660377360,0,30,30,0.14150943396226400,2 double beds,,TRUE,TRUE,TRUE,TRUE,TRUE,,,TRUE,FALSE,FALSE,,TRUE,,,,,TRUE,,,,,,,,,,,,,,,,,,,,,,,,,,,,,,,,,,,,,,,,,,,,25,18,,,,,,,,,,,,,,,,,,,,,,,,,,,,,,,,,,,,,,,,,,,,,,,,,[object Object],815
133,50,,,10,,,,,,1293566005450002768,Apartment in Ibagué,01/18/25 - 01/21/25,217,73,37,,New,41,https://www.airbnb.com/rooms/1293566005450002768?check_in=2025-01-19&guests=1&adults=1&check_out=2025-01-22,57,3,170,0.783410138248848,16,31,47,0.21658986175115200,,,TRUE,TRUE,,TRUE,TRUE,,,,FALSE,FALSE,,,,,TRUE,,TRUE,,,,,,,,,,,,,,,,,,,,,,,,,,,,,,,,,,,,,,,,,,,,40,14,,,,,,TRUE,,,,,,,,,,,,,,,,,,,,,,,,,,,,,,,,,,,,,,,,,,,[object Object],810
134,50,,,15,,,,,,1267936800547097528,Apartment in Ibagué,01/18/25 - 01/21/25,230,76,43,,,41,https://www.airbnb.com/rooms/1267936800547097528?check_in=2025-01-19&guests=1&adults=1&check_out=2025-01-22,64,3,191,0.8304347826086960,7,32,39,0.16956521739130400,,,TRUE,TRUE,TRUE,TRUE,TRUE,,,TRUE,,,,TRUE,,,TRUE,,TRUE,,,,,,,,,,,,,,,,,,,,,,,,,,,,,,,,,,,,,,,,,,,,35,15,,,,,,TRUE,,,,,,,,,,,,,,,,,,,,,,,,,,,,,,,,,,,,,,,,,,,[object Object],795
135,230,60,0,170,0,0,0,0,0,1085046316716221058,Home in Villa Restrepo,01/18/25 - 01/21/25,296,80,48,,,41,https://www.airbnb.com/rooms/1085046316716221058?check_in=2025-01-19&check_out=2025-01-22&guests=1&adults=1,89,3,268,0.9054054054054050,28,0,28,0.0945945945945946,,,TRUE,TRUE,,TRUE,TRUE,,,,FALSE,FALSE,,,,,,,,TRUE,,,,,,,,,,,,,,,,,,,,,,,,,,,,,,,,,,TRUE,,,,,,,,,,,,,,,,,,,,,,,,,,,,,,,,,,,,,,,,,,,,,,,,,,,,,,,,,,,[object Object],775
136,65,,,35,,,,,,1226727889708620841,Apartment in Ibagué,01/18/25 - 01/21/25,406,83,51,,,41,https://www.airbnb.com/rooms/1226727889708620841?check_in=2025-01-19&guests=1&adults=1&check_out=2025-01-22,116,3,349,0.8596059113300490,0,57,57,0.14039408866995100,5 beds,,TRUE,TRUE,,TRUE,TRUE,,,TRUE,FALSE,FALSE,,TRUE,,,,TRUE,TRUE,,,,,,,,,,,,,,,,,,,,,,,,,,,,,,,,,,,,,,,,,,,,30,13,,,,,,,,,,,,,,,,,,,,,,,,,,,,,,,,,,,,,,,,,,,,,,,,,[object Object],760
137,30,,,5,,,,,,575586920664586723,Apartment in Ibagué,01/18/25 - 01/21/25,448,84,50,,,41,https://www.airbnb.com/rooms/575586920664586723?check_in=2025-01-19&guests=1&adults=1&check_out=2025-01-22,113,3,340,0.7589285714285710,45,63,108,0.24107142857142900,,,TRUE,,TRUE,,,,,,FALSE,FALSE,,,,,TRUE,,TRUE,,,TRUE,,,TRUE,,,,,,,,,,,,,,,,,,,,,,,,,,,,,,,,,,,,,,25,16,,,,,,,,,,,,,,,,,,,,,,,,,,,,,,,,,,,,,,,TRUE,TRUE,,,,,,,,,[object Object],755